xy,address,ward,scientific_name,common_name,disease,pests,condition,fam_name,genus_name
POINT (-77.039571162499996 38.8930079565),200 BLOCK 17TH ST NW,2,Quercus palustris,Pin oak,,,Good,Fagaceae,Quercus
POINT (-77.060239836700006 38.922519302),2601 30TH ST NW,3,Cercis species,Redbud,,,Excellent,Fabaceae,Cercis
POINT (-77.059142611200002 38.907816539599999),1325 30TH ST NW,2,Tilia cordata,Littleleaf linden,,,Poor,Tiliaceae,Tilia
POINT (-77.061858072299998 38.924660734600003),2628 31ST ST NW,3,Nyssa sylvatica,Tupelo,,,Excellent,Nyssaceae,Nyssa
POINT (-77.011902454400001 38.831845805),100 BLK ATLANTIC ST SW,8,Gleditsia triacanthos var. inermis 'Shademaster',Shademaster honeylocust,,,Excellent,,
POINT (-77.011802075299997 38.831829339599999),100 BLK ATLANTIC ST SW,8,Gleditsia triacanthos var. inermis 'Shademaster',Shademaster honeylocust,,,Good,,
POINT (-76.960979484199996 38.875549796199998),OPP 3200 M ST SE,7,Quercus coccinea,Scarlet oak,,,Good,Fagaceae,Quercus
POINT (-76.994799615800005 38.940297933899998),4024 8th St NE,5,Cornus species,Dogwood,,,Good,Cornaceae,Cornus
POINT (-76.956512365400002 38.8922541994),214 KENILWORTH AVE NE,7,Liquidambar rotundiloba,Rotundiloba sweetgum,,,Good,Hamamelidaceae,Liquidambar
POINT (-77.069783823099996 38.951032380400001),4700 blk 36TH ST NW/chesapeake,3,Celtis laevigata,Sugarberry,,,Dead,Ulmaceae,Celtis
POINT (-77.0700661698 38.915416105399999),3516 T ST NW,2,,,,,,Tiliaceae,Tilia
POINT (-77.024858121600005 38.897441112199999),917 F ST NW,2,Acer rubrum,Red maple,,,Poor,Aceraceae,Acer
POINT (-77.021489139899998 38.964910334899997),604 RITTENHOUSE ST NW,4,,Sugar maple,,,Good,Aceraceae,Acer
POINT (-76.916067809799998 38.897103225099997),5900 BLK FOOTE ST NE,7,Acer rubrum,Red maple,,,Good,Aceraceae,Acer
POINT (-76.919891380300001 38.897101536599997),5607 FOOTE ST NE,7,Acer rubrum,Red maple,Trunk Rot,,Fair,Aceraceae,Acer
POINT (-76.918296401600003 38.8972035273),5718 FOOTE ST NE,7,Nyssa sylvatica,Tupelo,,,Good,Nyssaceae,Nyssa
POINT (-76.918426193100004 38.8972070843),5714 FOOTE ST NE,7,Acer rubrum,Red maple,,,Good,Aceraceae,Acer
POINT (-76.990814467500002 38.8961790846),1116 E ST NE ,6,Liquidambar styraciflua,Sweetgum,,,Good,Hamamelidaceae,Liquidambar
POINT (-76.988380727899994 38.895906393),434 13TH ST NE,6,Metasequoia glyptostroboides,Dawn redwood,,,Good,Cupressaceae,Metasequoia
POINT (-76.988239212699995 38.895559275399997),427 13TH ST NE,6,Acer rubrum,Red maple,,,Good,Aceraceae,Acer
POINT (-76.998648303799996 38.891971736),523 CONSTITUTION AVE NE,6,Ulmus americana 'Jefferson',Jefferson Elm,,,Good,Ulmaceae,Ulmus
POINT (-77.023262474899994 38.965007988399996),715 RITTENHOUSE ST NW,4,Prunus species,Cherry,,,Good,Rosaceae,Prunus
POINT (-77.0526005201 38.925618294499998),2701 CONNECTICUT AVE NW,3,Liquidambar styraciflua,Sweetgum,,,Fair,Hamamelidaceae,Liquidambar
POINT (-76.960113550800003 38.928988746400002),opp 3176 BLADENSBURG RD NE,5,Ulmus americana,American elm,,,Dead,Ulmaceae,Ulmus
POINT (-77.08704432899999 38.9412571859),4440 SPRINGDALE ST NW,3,Prunus serrulata 'Kwanzan',Kwanzan cherry,,,Good,Rosaceae,Prunus
POINT (-77.023211576799994 38.964911005300003),708 RITTENHOUSE ST NW,4,Gleditsia species,Honeylocust,,,Excellent,Fabaceae,Gleditsia
POINT (-77.036558400600001 38.934735787800001),3502 16TH ST NW,1,Quercus palustris,Pin oak,,,Good,Fagaceae,Quercus
POINT (-77.066958695300002 38.959113373599997),5319 NEVADA AVE NW,3,No Tree,Kwanzan cherry,,,Excellent,Rosaceae,Prunus
POINT (-76.960256027300005 38.858944886499998),OPP 2504 33RD ST SE,7,Amelanchier arborea,Downy serviceberry,,,Fair,Rosaceae,Amelanchier
POINT (-77.022993790100003 38.964906657699999),714 RITTENHOUSE ST NW,4,Acer campestre,Hedge maple,,,Good,Aceraceae,Acer
POINT (-77.021887267799997 38.9650103293),613 rittenhouse st nw,4,Prunus species,Other (See Notes),,,Good,,
POINT (-77.002930286600005 38.958658768900001),5600 3rd st ne,4,Liquidambar styraciflua,Other (See Notes),,,Excellent,,
POINT (-76.985674297200006 38.879438008900003),1300 BLK IVES PLACE â€” PLAYGROUND,6,Other (See Notes),Other (See Notes),,,,,
POINT (-77.0489001774 38.913861564800001),1725 22nd ST NW (Spanish Steps) ,2,Acer platanoides,Other (See Notes),,,Good,,
POINT (-77.048899962299998 38.913858500099998),1725 22nd ST NW (Spanish Steps) ,2,Other (See Notes),Other (See Notes),,,Good,,
POINT (-77.087430958900001 38.950997672699998),4420 Chesapeake st nw,3,,,,,,Moraceae,Morus
POINT (-77.048689686299994 38.913730961600002),1725 22nd ST NW (Spanish Steps),2,Ilex opaca,American Holly,,,Good,,
POINT (-77.048684944800002 38.913742644499997),1725 22nd ST NW (Spanish Steps),2,Ilex opaca,American Holly,,,Good,,
POINT (-77.048682023500007 38.913702229499997),1725 22nd ST NW (Spanish Steps),2,Ilex opaca,American Holly,,,Good,,
POINT (-77.048914115800002 38.913831005900001),1725 22nd ST NW (Spanish Steps) ,2,Styphnolobium japonicum,Other (See Notes),,,Good,,
POINT (-77.048655934600006 38.913707725199998),1725 22nd ST NW (Spanish Steps),2,Other (See Notes),Other (See Notes),,,Good,,
POINT (-77.026475915099994 38.911255816900002),,6,Other (See Notes),Other (See Notes),,,Excellent,Null,Other
POINT (-77.048644213399996 38.9136303724),1725 22nd ST NW (Spanish Steps),2,Ilex opaca,American Holly,,,Fair,Null,Other
POINT (-77.048696679200006 38.913451308600003),1725 22nd ST NW (Spanish Steps),2,Cornus florida,Flowering Dogwood,,,Fair,,Cornus
POINT (-77.025992032299996 38.911888681199997),,6,Quercus rubra,Red oak,,,Good,Fagaceae,Quercus
POINT (-77.048651170400007 38.913435755199998),1725 22nd ST NW (Spanish Steps),2,Cornus florida,Flowering Dogwood,,,Fair,,Cornus
POINT (-77.048889490199997 38.913864801700001),1725 22nd ST NW (Spanish Steps) ,2,Ilex opaca,Other (See Notes),,,Good,,
POINT (-77.0428831049 38.906420158899998),1830 JEFFERSON PL NW,2,Nyssa sylvatica,Tupelo,,,Fair,Nyssaceae,Nyssa
POINT (-76.978294903099993 38.855115900400001),1817 GAINESVILLE ST SE,8,,,,,,Oleaceae,Fraxinus
POINT (-77.035522651700006 38.93738388),1458 SPRING RD NW,1,Ginkgo biloba (male),Ginkgo (male),,,Excellent,Ginkgoaceae,Ginkgo
POINT (-77.035872692400005 38.9373863864),1400 blk SPRING RD NW,1,Ginkgo biloba (female),Ginkgo (female),,,Excellent,Ginkgoaceae,Ginkgo
POINT (-76.978981288200004 38.941749172599998),1831 UPSHUR ST NE,5,Tilia cordata,Littleleaf linden,,,Poor,Tiliaceae,Tilia
POINT (-77.0126787863 38.826641883599997),opp 4334 MARTIN LUTHER KING JR AVE SW,8,Cladrastis lutea,Yellowwood,,,Good,Fabaceae,Cladrastis
POINT (-77.050022141 38.899111120400001),725 23RD ST NW,2,Ulmus americana,American elm,,,Good,Ulmaceae,Ulmus
POINT (-76.978750651 38.941748886200003),1833 UPSHUR ST NE,5,Lagerstroemia indica,Crape myrtle,,,Good,Lythraceae,Lagerstroemia
POINT (-77.049758731400004 38.8995335),2200 blk H ST NW,2,Ulmus americana,American elm,,,Good,Ulmaceae,Ulmus
POINT (-77.009460065200003 38.827857208399998),81 DANBURY ST SE,8,Cercis canadensis,Eastern redbud,,,Good,Fabaceae,Cercis
POINT (-77.049599138900007 38.8995334269),2200 blk  H ST NW,2,Ulmus americana,American elm,,,Good,Ulmaceae,Ulmus
POINT (-77.048222582199998 38.898279443200003),2130 G ST NW,2,Quercus bicolor,Swamp white oak,,,Good,Fagaceae,Quercus
POINT (-77.048302211800006 38.898281307399998),2130 G ST NW,2,Quercus bicolor,Swamp white oak,,,Good,Fagaceae,Quercus
POINT (-77.008513857400004 38.827858780600003),17 DANBURY ST SW,8,Cercis canadensis,Eastern redbud,,,Good,Fabaceae,Cercis
POINT (-77.0223596724 38.956048043700001),5418 7TH ST NW,4,Magnolia Species,Magnolia,,,Good,Magnoliaceae,Magnolia
POINT (-77.037770049100004 38.913406453599997),1617 RIGGS PL NW,2,Acer rubrum,Red maple,,,Poor,Aceraceae,Acer
POINT (-77.037653923500002 38.9134062376),1617 RIGGS PL NW,2,Acer rubrum,Red maple,,,Good,Aceraceae,Acer
POINT (-76.970873431399994 38.872582770599998),1408 25TH ST SE,7,Malus species,Crabapple,,,Dead,Rosaceae,Malus
POINT (-77.025833875900005 38.913434560399999),10th and French Street NW (French Street Park),6,,,,,Good,,Betula
POINT (-76.981985885 38.9218865315),1545 MONTANA AVE NE,5,Gleditsia triacanthos var. inermis 'Shademaster',Shademaster honeylocust,,,Good,Fabaceae,Gleditsia
POINT (-77.067876980299999 38.927610888099998),Opp 3416 Garfield St NW,3,Liquidambar rotundiloba,Rotundiloba sweetgum,,,Good,Hamamelidaceae,
POINT (-76.970874187800007 38.869989023800002),1610 25TH ST SE,7,Amelanchier arborea,Downy serviceberry,,,Good,Rosaceae,Amelanchier
POINT (-76.993073940200006 38.949669597700002),4950 S. DAKOTA AVE NE,5,Acer buergeranum,Trident maple,,,Good,Aceraceae,Acer
POINT (-76.965752064 38.870379381100001),1606 29th street se,7,Pistacia chinensis,Chinese pistachio,,,Good,Anacardiaceae,Pistacia
POINT (-76.996306408099997 38.947245587099999),713 CRITTENDEN ST NE,5,Pistacia chinensis,Chinese pistachio,,,Good,Anacardiaceae,Pistacia
POINT (-77.026197037800003 38.911991945099999),1600 BLK 11th ST NW (Shaw Rec Center),6,Quercus rubra,Red oak,,,Fair,Null,Quercus
POINT (-77.046401656499995 38.914700259699998),1810 CONNECTICUT AVE NW,2,Ulmus americana,American elm,,,Good,Ulmaceae,Ulmus
POINT (-77.032165691200007 38.948960582700003),OPP 1333 DELAFIELD PL NW,4,Ginkgo biloba (female),Ginkgo (female),,,Good,Ginkgoaceae,Ginkgo
POINT (-77.030679696 38.948961967499997),1310 DELAFIELD PL NW,4,Ginkgo biloba (female),Ginkgo (female),,,Good,Ginkgoaceae,Ginkgo
POINT (-77.030146188800003 38.949051626100001),1307 DELAFIELD PL NW,4,Ginkgo biloba (female),Ginkgo (female),,,Good,Ginkgoaceae,Ginkgo
POINT (-77.0309424987 38.949064657199997),1315 DELAFIELD PL NW,4,Ginkgo biloba,Ginkgo,,,Good,Ginkgoaceae,Ginkgo
POINT (-77.033546103399999 38.949054218699999),1403 DELAFIELD PL NW,4,Ginkgo biloba (female),Ginkgo (female),,,Good,Ginkgoaceae,Ginkgo
POINT (-77.034631579800006 38.949052213199998),1501 DELAFIELD PL NW,4,Ginkgo biloba (female),Ginkgo (female),,,Fair,Ginkgoaceae,Ginkgo
POINT (-77.034740407900003 38.9489615349),1500 DELAFIELD PL NW,4,Ginkgo biloba (female),Ginkgo (female),,,Fair,Ginkgoaceae,Ginkgo
POINT (-77.034883570199995 38.949048478500004),1503 DELAFIELD PL NW,4,Ginkgo biloba (female),Ginkgo (female),,,Fair,Ginkgoaceae,Ginkgo
POINT (-77.035157913600003 38.949048255599998),1505 DELAFIELD PL NW,4,Ginkgo biloba (female),Ginkgo (female),,,Fair,Ginkgoaceae,Ginkgo
POINT (-77.033406214500005 38.937325235499998),1405 SPRING RD NW,4,Ginkgo biloba (female),Ginkgo (female),,,Good,Ginkgoaceae,Ginkgo
POINT (-77.034061410700005 38.937469574700003),OPP 1418 SPRING RD NW,4,Ginkgo biloba (female),Ginkgo (female),,,Fair,Ginkgoaceae,Ginkgo
POINT (-77.033580629100001 38.937372970799998),1411 SPRING RD NW,4,Ginkgo biloba (female),Ginkgo (female),,,Good,Ginkgoaceae,Ginkgo
POINT (-77.081939750499998 38.920334492199999),2203 42ND ST NW,3,Quercus montana,Rock chestnut oak,,,Excellent,Fagaceae,Quercus
POINT (-77.071904983400003 38.963150142899998),OPP 3704 LIVINGSTON ST NW,3,Liquidambar styraciflua,Sweetgum,,,Excellent,Hamamelidaceae,Liquidambar
POINT (-76.962614289699999 38.8745496867),opp 3046 N ST SE,7,Malus species,Crabapple,,,Good,Rosaceae,Malus
POINT (-77.078842717900002 38.9214887129),2316 40TH ST NW,3,Malus species,Crabapple,,,Excellent,Rosaceae,Malus
POINT (-77.076287573800002 38.919128513099999),3808 W ST NW,3,Prunus Okame,Okame cherry,,,Excellent,Rosaceae,Prunus
POINT (-76.962089325299999 38.874668615700003),3072 N ST SE,7,Quercus nuttallii,Nuttall oak,,,Good,Fagaceae,Quercus
POINT (-76.962495576600006 38.874553040099997),opp 3046 N ST SE,7,Malus species,Crabapple,,,Good,Rosaceae,Malus
POINT (-76.961951116899996 38.874543034600002),opp 3105 N ST SE,7,Malus species,Crabapple,,,Good,Null,Other
POINT (-76.963258582400002 38.871381265300002),3045 Q ST SE,7,Celtis laevigata,Sugarberry,,,Excellent,Null,Other
POINT (-76.979707283300002 38.865041896400001),1974 Fendall Street SE,8,Prunus serrulata 'Kwanzan',Kwanzan cherry,,,Good,Rosaceae,Prunus
POINT (-76.979804733600005 38.865130821599998),opp 1972 Fendall Street SE,8,Prunus 'Snow Goose',Cherry (Snowgoose),,,Dead,Rosaceae,Prunus
POINT (-76.979819301299997 38.865081077799999),opp 1974 Fendall Street SE,8,Prunus serrulata 'Kwanzan',Kwanzan cherry,,,Good,Rosaceae,Prunus
POINT (-76.962744110599999 38.871170025),3022 Q ST SE,7,Celtis laevigata,Sugarberry,,,Good,Ulmaceae,Other
POINT (-76.963290625400006 38.871496652300003),3020 Q ST SE,7,Celtis laevigata,Sugarberry,,,Good,Ulmaceae,Other
POINT (-77.081488837400002 38.944830596),Opp 4120 Warren St NW,3,Other (See Notes),Other (See Notes),,,,,
POINT (-77.0624268384 38.9727255918),3150 TENNYSON ST NW,4,Quercus alba,Other (See Notes),,,Poor,,
POINT (-77.106079525499993 38.927818179),5330 Sherier Pl NW,3,Carpinus caroliniana,Hornbeam,,,Excellent,Null,
POINT (-77.0822727722 38.927124759199998),0 NEW MEXICO AVE NW,3,Platanus x acerifolia,London plane tree,,,Excellent,,
POINT (-76.998386738899995 38.881413336199998),600 BLK 6TH ST SE,6,Other (See Notes),Other (See Notes),,,,,
POINT (-76.933574171499998 38.901539814300001),4800 JAY ST NE,7,Koelreuteria paniculata,Goldenrain tree,,,Good,Sapindaceae,Koelreuteria
POINT (-77.002528756900006 38.892081460500002),Opp 224 Constitution Ave (in park) ,6,Other (See Notes),Other (See Notes),,,Excellent,,
POINT (-76.983797775300005 38.892177884500001),Opp 203 15th ST NE (in Park) ,6,Other (See Notes),Other (See Notes),,,Good,,
POINT (-77.052892120300001 38.903626724900001),OPP 2436 PENNSYLVANIA AVE NW,2,Quercus bicolor,Swamp white oak,,,Good,Fagaceae,Quercus
POINT (-77.025862491200002 38.920646072),2244 10TH ST NW,1,,,,,,,
POINT (-77.076998189700006 38.922177807799997),2443 39TH ST NW,3,Tilia cordata,Littleleaf linden,,,Good,Tiliaceae,Tilia
POINT (-77.075238535599993 38.9645532491),5545 CONNECTICUT AVE NW,3,Quercus bicolor,Scarlet oak,,,Excellent,Fagaceae,Quercus
POINT (-77.019892218199999 38.95017949),4906 KANSAS AVE NW,4,Ulmus americana,American elm,,,Good,Ulmaceae,Ulmus
POINT (-76.990846391900007 38.896038864700003),1100 blk E St NE (in park),6,Betula nigra,Other (See Notes),,,Good,,
POINT (-77.018636185299997 38.915888369599998),1900 5TH ST NW/ T ST,1,Liquidambar Stryaciflua 'Sterile',Sweetgum (sterile),,,Excellent,Hamamelidaceae,Liquidambar
POINT (-77.025135244599994 38.927475630700002),761 HOBART PL NW,1,Acer saccharum,Sugar maple,,,Good,Aceraceae,Acer
POINT (-76.990958606899994 38.860465091599998),1349 TALBERT TER SE,8,Zelkova serrata,Japanese zelkova,,,Good,Ulmaceae,Zelkova
POINT (-76.960450204500006 38.861735010799997),3229 ALABAMA AVE SE,7,Carpinus caroliniana,Ironwood,,,Fair,Betulaceae,Carpinus
POINT (-76.961059855100004 38.861840088900003),3204 ALABAMA AVE SE,7,Ulmus americana 'Jefferson',Jefferson Elm,,,Good,Ulmaceae,Ulmus
POINT (-76.955565391899995 38.895338918100002),3455 EADS ST NE,7,Tilia tomentosa,Silver linden,,,Good,Tiliaceae,Tilia
POINT (-76.955702490600004 38.895358451600003),3451 EADS ST NE,7,Quercus lyrata,Overcup oak,,,Good,Fagaceae,Quercus
POINT (-76.9903430512 38.936232168799997),1210 PERRY ST NE,5,Quercus bicolor,Swamp white oak,,,Good,Fagaceae,Quercus
POINT (-77.024745579099999 38.964919262499997),804 RITTENHOUSE ST NW,4,Quercus phellos,Willow oak,,,Excellent,Fagaceae,Quercus
POINT (-77.002816322100003 38.959020039899997),5600 3RD ST NE,4,Liquidambar styraciflua,Red maple,,,Good,Aceraceae,Acer
POINT (-77.001355426200007 38.957892055599999),,4,Quercus palustris,Pin oak,,,Dead,Fagaceae,Quercus
POINT (-77.02686144899999 38.964911138600002),916 RITTENHOUSE ST NW,4,Acer rubrum,Red maple,,,Good,Aceraceae,Acer
POINT (-76.946291030599994 38.886061649799998),300 BLK BURNS ST SE,7,Celtis laevigata,Sugarberry,,,,Ulmaceae,Celtis
POINT (-76.946077626199994 38.885844023700002),321 BURNS ST SE,7,Celtis laevigata,Sugarberry,,,Dead,Ulmaceae,Celtis
POINT (-76.946197705399996 38.885966705500003),300 BLK BURNS ST SE,7,Halesia carolina,Carolina silverbell,,,,Styracaceae,Halesia
POINT (-77.020660565599997 38.965009785600003),515 RITTENHOUSE ST NW,4,Prunus yedoensis,Yoshino cherry,,,Excellent,Rosaceae,Prunus
POINT (-77.0557818889 38.935753087800002),2701 PORTER ST NW,3,Prunus Okame,Okame cherry,,,Poor,Rosaceae,Prunus
POINT (-77.022123338100002 38.964907892399999),620 RITTENHOUSE ST NW,4,Platanus x acerifolia,London plane tree,,,Good,Platanaceae,Platanus
POINT (-77.043537407599999 38.921280615),1844 COLUMBIA RD NW,1,Platanus x acerifolia 'Bloodgood',Bloodgood london plane tree,,,Dead,Platanaceae,Platanus
POINT (-76.9870905943 38.89896684),1332 G ST NE,6,,,,,,Lythraceae,Lagerstroemia
POINT (-77.072833019499996 38.930065678699997),OPP 3024  WISCONSIN AVE NW,3,Quercus rubra,Red oak,,,Fair,Fagaceae,Quercus
POINT (-77.013592532 38.9199519911),2222 FLAGLER PL NW/W St,5,,,,,Good,,
POINT (-77.059517515 38.935857876900002),2923 ORDWAY ST NW,3,Tsuga canadensis,Other (See Notes),,,Poor,,
POINT (-76.927036164399993 38.888975590199998),23 52ND ST SE,7,Prunus serrulata 'Kwanzan',Kwanzan cherry,,,Excellent,Rosaceae,Prunus
POINT (-77.072657666699996 38.931136157799997),3109 WISCONSIN AVE NW,3,Ulmus americana,American elm,,,Good,Ulmaceae,Ulmus
POINT (-77.029614572200003 38.9593838718),5731 13TH ST NW,4,,Norway maple,,,,Aceraceae,Acer
POINT (-77.048875194399997 38.913750996499999),1725 22nd ST NW (Spanish Steps) ,2,Ilex opaca,Other (See Notes),,,Good,,
POINT (-77.048678946 38.913629208899998),1725 22nd ST NW (Spanish Steps),2,Ilex opaca,American Holly,,,Fair,Null,Other
POINT (-77.048918782599998 38.913746417799999),1725 22nd ST NW (Spanish Steps) ,2,Other (See Notes),Other (See Notes),,,Good,,
POINT (-77.049986865199998 38.914603852600003),MITCHELL PARK,2,,,,,,Aceraceae,Acer
POINT (-77.048907874099996 38.913724069399997),1725 22nd ST NW (Spanish Steps) ,2,Ilex opaca,Other (See Notes),,,Good,,
POINT (-77.048698802199993 38.9135376443),1725 22nd ST NW (Spanish Steps),2,Amelanchier species,Serviceberry,,,Good,Null,Amelanchier
POINT (-76.924788943600007 38.900356556200002),OPP 816 DIVISION AVE NE,7,,Kentucky coffeetree,,,,Fagaceae,Quercus
POINT (-77.048697328100005 38.913491821),1725 22nd ST NW (Spanish Steps),2,Juniperus virginiana,Eastern redcedar,,,Good,,Juniperus
POINT (-77.048870557200004 38.9137049283),1725 22nd ST NW (Spanish Steps) ,2,Other (See Notes),Other (See Notes),,,Good,,
POINT (-77.048868249700007 38.913678155600003),1725 22nd ST NW (Spanish Steps) ,2,Ilex opaca,Other (See Notes),,,Good,,
POINT (-77.075523901799997 38.9611160802),3815 Military Rd NW,3,Liriodendron tulipifera,Tulip poplar,,,Good,,
POINT (-77.0489194572 38.9136572297),1725 22nd ST NW (Spanish Steps) ,2,Other (See Notes),Other (See Notes),,,Dead,,
POINT (-76.987961613300001 38.924405359200001),2700 blk 13TH ST NE,5,Platanus x acerifolia,London plane tree,,,Dead,Platanaceae,Platanus
POINT (-76.930492114200007 38.883158826299997),5013 Drake PL SE,7,Ulmus parvifolia,Chinese elm,,,Good,Ulmaceae,Prunus
POINT (-77.053280476300003 38.897520112599999),600 BLK 25TH ST NW,2,Quercus bicolor,Swamp white oak,,,Good,Fagaceae,Quercus
POINT (-76.930054020200004 38.883099951799998),5027 Drake PL SE,7,Lagerstroemia indica,Crape myrtle,,,Good,Lythraceae,Lagerstroemia
POINT (-76.977815982 38.940615964199999),1911 BUNKER HILL RD NE,5,Quercus montana,Rock chestnut oak,,,Good,Fagaceae,Quercus
POINT (-77.074353323799997 38.9320827592),3801 WOODLEY RD NW,3,Tilia americana,American linden,,,Excellent,Tiliaceae,Tilia
POINT (-77.074872738699995 38.932132255),3817 WOODLEY RD NW,3,Ulmus americana 'New Harmony',New Harmony elm,,,Excellent,Ulmaceae,Quercus
POINT (-76.992368490299995 38.925058311299999),opp 2716 10TH ST NE,5,Other (See Notes),Other (See Notes),,,Excellent,Rosaceae,Amelanchier
POINT (-76.927963269800003 38.886714031300002),100 BLK 51ST ST SE,7,Ginkgo biloba (male),Ginkgo (male),,,Dead,Ginkgoaceae,Ginkgo
POINT (-77.101941264299995 38.941967990400002),OPP 4070 52ND ST NW,3,Platanus occidentalis,American sycamore,,,Good,Platanaceae,Platanus
POINT (-77.022691113600004 38.915531230799999),OPP723 T ST NW,1,Pistacia chinensis,Chinese pistachio,,,Poor,Anacardiaceae,Pistacia
POINT (-77.0828238613 38.946343111899999),4215 YUMA ST NW,3,Quercus nuttallii,Nuttall oak,,,Excellent,Fagaceae,Quercus
POINT (-77.091583812300001 38.916491486399998),OPP 4700 WHITEHAVEN PKWY NW,3,Lagerstroemia indica,Crape myrtle,,,Excellent,Lythraceae,Lagerstroemia
POINT (-77.091865444199996 38.9164659841),OPP 4700 WHITEHAVEN PKWY NW,3,Cercis canadensis,Eastern redbud,,,Excellent,Fabaceae,Cercis
POINT (-77.037673463800004 38.913314202499997),1624 RIGGS PL NW,2,Prunus virginiana,,,,Good,,
POINT (-77.025927940399995 38.913746732299998),OPP 1734 10TH ST NW,2,Acer rubrum,Red maple,,,Fair,Aceraceae,Acer
POINT (-77.026056679 38.913746978900001),1734 10TH ST NW,2,Acer platanoides,Norway maple,,,Fair,Aceraceae,Acer
POINT (-77.008856494400007 38.9517923513),5027 NORTH CAPITOL ST BN,5,Gymnocladus dioicus,Kentucky coffeetree,,,Good,Fabaceae,Gymnocladus
POINT (-77.025923591799994 38.913589125199998),OPP 1728 10TH ST NW,2,Acer platanoides,Norway maple,,,Fair,Aceraceae,Acer
POINT (-77.012470701200002 38.965018229099996),109 RITTENHOUSE ST NW,4,Lagerstroemia indica,Crape myrtle,,,Good,Lythraceae,Lagerstroemia
POINT (-77.012754559499996 38.965013573500002),111 RITTENHOUSE ST NW,4,Nyssa sylvatica,Tupelo,,,Fair,Nyssaceae,Nyssa
POINT (-76.944669019100004 38.8713350381),4000 BLK MASSACHUSETTS AVE SE,7,Gymnocladus dioicus,Kentucky coffeetree,,,Good,Fabaceae,Gymnocladus
POINT (-77.012861483699993 38.965010271),113 RITTENHOUSE ST NW,4,Nyssa sylvatica,Tupelo,,,Good,Nyssaceae,Nyssa
POINT (-77.030396381200006 38.959752750900002),5746 COLORADO AVE NW,4,Prunus Okame,Okame cherry,,,Good,Rosaceae,Prunus
POINT (-77.093094767699995 38.916230620100002),OPP 4700 WHITEHAVEN PKWY NW,3,Lagerstroemia indica,Crape myrtle,,,Excellent,Lythraceae,Lagerstroemia
POINT (-76.959813904 38.8680392025),3200 BLK S ST SE,7,Amelanchier arborea,Downy serviceberry,,,Dead,Rosaceae,Amelanchier
POINT (-77.082345132900002 38.941976540699997),4121 NEBRASKA AVE NW,3,Syringa reticulata,Lilac,,,Excellent,Oleaceae,Syringa
POINT (-76.9587833195 38.868353147599997),1800 BLK 33RD ST SE,7,Prunus virginiana,Chokecherry,,,Good,,
POINT (-77.027516180099994 38.938740354399997),967 RANDOLPH ST NW,4,Platanus species,Plane tree,,,Good,Platanaceae,Platanus
POINT (-76.976671205299994 38.940480451200003),1900 blk BUNKER HILL RD NE,5,Cercis species,Redbud,,,Fair,Fabaceae,Cercis
POINT (-76.996943155799997 38.9247651473),632 EDGEWOOD ST NE,5,Cercis canadensis,Eastern redbud,,,Dead,Fabaceae,Cercis
POINT (-77.069013338600001 38.9316817865),3501 WOODLEY RD NW,3,Quercus lyrata,Overcup oak,,,Excellent,Fagaceae,Quercus
POINT (-77.011257702799995 38.827857691399998),141 DANBURY ST SW,8,Cercis canadensis,Eastern redbud,,,Good,Fabaceae,Cercis
POINT (-77.056759246200002 38.948909377500001),2857 ALLENDALE PL NW,3,Carpinus caroliniana,Ironwood,,,Poor,Betulaceae,Carpinus
POINT (-77.088612645200001 38.935055553300003),3500 BLK NEBRASKA AVE NW/ BTW NEW MEXICO & newark,3,Quercus palustris,Pin oak,Ganoderma Root Rot,,Good,Fagaceae,Quercus
POINT (-77.035854812400004 38.910358421300003),1530 CHURCH ST NW,2,Acer rubrum,Red maple,,,Good,Aceraceae,Acer
POINT (-77.036046176400006 38.910358783),1500 BOCK CHURCH ST NW,2,Acer rubrum,Red maple,,,Good,Aceraceae,Acer
POINT (-77.075735892799997 38.915357598500002),1800 blk 39TH ST NW,2,Ulmus americana,American elm,,,Dead,Ulmaceae,Ulmus
POINT (-77.056245087400001 38.948752527099998),2842 ALLENDALE PL NW,3,Ulmus parvifolia,Chinese elm,,,Good,Ulmaceae,Ulmus
POINT (-77.056792274700001 38.948809523199998),2852 ALLENDALE PL NW,3,Ulmus parvifolia,Chinese elm,,,Good,Ulmaceae,Ulmus
POINT (-76.941868634100004 38.870182143199997),4212 MASSACHUSETTS AVE SE,7,Tilia cordata,Littleleaf linden,,,Good,Tiliaceae,Tilia
POINT (-76.942036383 38.870256405500001),OPP 4203 MASSACHUSETTS AVE SE,7,Tilia cordata,Littleleaf linden,,,Fair,Tiliaceae,Tilia
POINT (-77.055948192499997 38.948594810199999),2830 ALLENDALE PL NW,3,Ilex opaca,American Holly,,,Good,Aquifoliaceae,Ilex
POINT (-77.056168996599993 38.948828911200003),2843 ALLENDALE PL NW,3,Zelkova serrata,Japanese zelkova,,,Good,Ulmaceae,Zelkova
POINT (-77.002718645300007 38.8919708062),221 CONSTITUTION AVE NE,6,Liquidambar styraciflua 'Slender Silhouette',Slender Silhouette Sweetgum,,,Good,Altingiaceae,Liquidambar
POINT (-77.045501307199999 38.895983782099997),OPP 2025 E ST NW,2,Quercus bicolor,Swamp white oak,,,Good,Fagaceae,Quercus
POINT (-77.046449724599995 38.895984356699998),OPP 2025 E ST NW,2,Cercis canadensis,Eastern redbud,,,Good,Fabaceae,Cercis
POINT (-77.062949060099996 38.962804464500003),5456 31ST ST NW,4,Quercus phellos,Willow oak,,,Good,Fagaceae,Quercus
POINT (-77.063347543600003 38.9632659225),5470 31ST ST NW,4,Quercus phellos,Willow oak,,,Poor,Fagaceae,Quercus
POINT (-77.061809709900004 38.924428736599999),2617 31ST ST NW,3,Acer buergeranum,Trident maple,,,Excellent,Aceraceae,Acer
POINT (-77.0381398456 38.900355702699997),800 CONNECTICUT AVE NW,2,Liquidambar Stryaciflua 'Sterile',Sweetgum (sterile),,,Good,Hamamelidaceae,Liquidambar
POINT (-77.06250910599999 38.924878768900001),3100 THOMPSON CIR NW,3,Prunus 'Snow Goose',Cherry (Snowgoose),,,Excellent,Rosaceae,Prunus
POINT (-77.061809371500004 38.924340821800001),2617 31ST ST NW,3,Acer buergeranum,Trident maple,,,Excellent,Aceraceae,Acer
POINT (-77.061671135 38.9238474084),2614 31ST ST NW,3,Nyssa sylvatica,Tupelo,,,Excellent,Nyssaceae,Nyssa
POINT (-77.0625484615 38.924740253700001),3100 THOMPSON CIR NW,3,Prunus 'Snow Goose',Cherry (Snowgoose),,,Dead,Rosaceae,Prunus
POINT (-77.062594206399993 38.9249371473),3112 THOMPSON CIR NW,3,Prunus 'Snow Goose',Cherry (Snowgoose),,,Excellent,Rosaceae,Prunus
POINT (-77.062889798699999 38.924751747599998),3108 THOMPSON CIR NW,3,Prunus 'Snow Goose',Cherry (Snowgoose),,,Excellent,Rosaceae,Prunus
POINT (-77.017458060600006 38.882044024199999),600 blk 4TH ST SW,6,Quercus phellos,Willow oak,,,Fair,Fagaceae,Quercus
POINT (-77.0117972667 38.832257150499998),3978 2ND ST SW,8,Cercis canadensis,Eastern redbud,,,Good,Fabaceae,Cercis
POINT (-77.011558288200007 38.832554753),3964 2ND ST SW,8,Cladrastis lutea,Yellowwood,,,Good,Fabaceae,Cladrastis
POINT (-76.940252591 38.903555478),4400 BLK KANE PL NE,7,Prunus 'Snow Goose',Cherry (Snowgoose),,,Good,Rosaceae,Prunus
POINT (-77.020181121899995 38.938872758899997),533 Randolph st nw,4,Lagerstroemia indica,Other (See Notes),,,Good,Null,Other
POINT (-77.019885286700003 38.938773817200001),514 Randolph st nw,4,Platanus x acerifolia,Other (See Notes),,,Good,Null,Other
POINT (-77.020126319 38.938762225200001),524 Randolph st nw,4,Platanus x acerifolia,London plane tree,,,Good,Platanaceae,Other
POINT (-77.019218446300002 38.938909351),501 Randolph st nw,4,Cercis species,Redbud,,,Good,Fabaceae,Cercis
POINT (-77.020753271800004 38.938852784700003),549 Randolph st nw,4,Cercis canadensis,Crape myrtle,,,Dead,Lythraceae,Other
POINT (-77.020291684900002 38.938875244099997),537 Randolph st nw,4,Lagerstroemia indica,Other (See Notes),,,Poor,Null,Other
POINT (-77.020871821100002 38.938848656099999),553 Randolph st nw,4,Lagerstroemia indica,Eastern redbud,,,Dead,Fabaceae,Other
POINT (-77.010415180500004 38.883263190900003),UNIT BLK E ST SW,6,Lagerstroemia indica,Crape myrtle,,,Poor,Lythraceae,Lagerstroemia
POINT (-76.980990823699997 38.940672234499999),1700 BLK TAYLOR ST NW,5,Liquidambar rotundiloba,Rotundiloba sweetgum,,,Good,Hamamelidaceae,Liquidambar
POINT (-77.01311729 38.830749751200003),4000 BLK 2ND ST SW,8,Quercus coccinea,Scarlet oak,,,Good,Fagaceae,Quercus
POINT (-77.014827422 38.917572389699998),200 blk ELM ST NW,1,Platanus x acerifolia,London plane tree,,,Good,Platanaceae,Platanus
POINT (-77.045119433500005 38.912860507799998),1701 CONNECTICUT AVE NW,2,Quercus palustris,Pin oak,,,Good,Fagaceae,Quercus
POINT (-76.988174259800005 38.878358470599998),1303 K ST SE,6,Ulmus parvifolia,Chinese elm,,,Good,Ulmaceae,Ulmus
POINT (-76.988009537500005 38.878454212699999),1300 BLK K ST SE,6,Ulmus parvifolia,Chinese elm,,,Good,Ulmaceae,Ulmus
POINT (-77.018993519899993 38.918212197800003),2200 blk 5TH ST NW,1,Quercus coccinea,Scarlet oak,,,Good,Fagaceae,Quercus
POINT (-77.012845645799999 38.917063367099999),117 U ST NW/1st St,5,,,,,,,
POINT (-77.016430335199999 38.944330448599999),321 WEBSTER ST NW,4,Quercus rubra,Red oak,,,Good,Fagaceae,Quercus
POINT (-76.964110558399994 38.9278346826),opp 2844 30TH ST NE,5,Other (See Notes),Other (See Notes),,,Excellent,Styracaceae,Halesia
POINT (-77.028071682100006 38.937659981499998),1221 QUINCY ST NW,4,Taxodium distichum,Bald cypress,,,Poor,Cupressaceae,Taxodium
POINT (-77.016026847500001 38.951084548099999),300 blk FARRAGUT ST NW,4,Platanus species,Plane tree,,,Good,Platanaceae,Platanus
POINT (-77.039282232800005 38.927900390600001),1650 HOBART ST NW,1,Prunus 'Snow Goose',Cherry (Snowgoose),,,Excellent,Rosaceae,Prunus
POINT (-77.024300147800005 38.935571829099999),opp 3641 GEORGIA AVE NW,1,Quercus phellos,Willow oak,,,Good,Fagaceae,Quercus
POINT (-76.963271384099997 38.927584675200002),2715 CENTRAL AVE NE,5,Ostrya virginiana,American hop hornbeam,,,Good,Betulaceae,Ostrya
POINT (-76.965218284700001 38.851995172400002),3031 30TH ST SE,8,Pistacia chinensis,Chinese pistachio,,,Good,Anacardiaceae,Pistacia
POINT (-76.964931873500007 38.851766272),3035 30TH ST SE,8,Prunus virginiana,Chokecherry,,,Dead,Rosaceae,Prunus
POINT (-76.9649836026 38.851947432499998),3040 30TH ST SE,8,Quercus lyrata,Overcup oak,,,Good,Fagaceae,Quercus
POINT (-77.006778551 38.963438575),6001 Sligo mill rd ne ,4,Celtis occidentalis,Hackberry,,,Excellent,Ulmaceae,Celtis
POINT (-77.0068314313 38.963386924),6001 Sligo mill rd ne,4,Gleditsia species,Honeylocust,,,Excellent,Fabaceae,Gleditsia
POINT (-76.993684726 38.937931612),916,5,Acer buergeranum,Trident maple,,,Good,Aceraceae,Acer
POINT (-76.982748793300004 38.934038545200004),3600 blk 16TH ST NE,5,Prunus Okame,Okame cherry,,,Good,Rosaceae,Prunus
POINT (-76.915961534700003 38.894546314),5908 DIX ST NE,7,Gymnocladus dioicus,Kentucky coffeetree,,,Good,Fabaceae,Gymnocladus
POINT (-76.915602701500006 38.894547446700003),5924 DIX ST NE,7,Platanus x acerifolia,London plane tree,,,Good,Platanaceae,Platanus
POINT (-76.915401013199997 38.8945477794),OPP 5923 DIX ST NE,7,Quercus phellos,Willow oak,,,Good,Fagaceae,Quercus
POINT (-77.015256874100004 38.9102079516),1514 3RD ST NW,5,Other (See Notes),Other (See Notes),,,Excellent,Aceraceae,Acer
POINT (-77.066325375 38.963844005),5500 BLK 33RD ST NW,4,Styphnolobium japonicum,Japanese pagodatree,,,Good,Fabaceae,Styphnolobium
POINT (-77.066843962500002 38.962453735899999),OPP 5430 BROAD BRANCH RD NW,4,Quercus palustris,Pin oak,,,Dead,Null,Other
POINT (-77.025788591199998 38.958679122600003),5705 9th st nw,4,Cornus florida,Flowering Dogwood,,,Good,Cornaceae,Cornus
POINT (-76.981383109600003 38.865243279799998),1620 U Street SE,8,Prunus 'Snow Goose',Cherry (Snowgoose),,,Good,Rosaceae,Prunus
POINT (-76.991638953700004 38.9463294918),1024 Buchanan St NE,5,Lagerstroemia indica,Crape myrtle,,,Good,Lythraceae,Lagerstroemia
POINT (-76.956637034 38.892834918399998),3424 BAKER ST NE,7,Celtis occidentalis,Hackberry,,,Good,Ulmaceae,Celtis
POINT (-76.9562435319 38.892739944),OPP 3438 BAKER ST NE,7,Quercus phellos,Willow oak,,,Good,Fagaceae,Quercus
POINT (-77.1036118767 38.934955087699997),5025 GLENBROOK TER NW,3,Chionanthus retusus,Chinese Fringetree,,,Excellent,Oleaceae,Chionanthus
POINT (-77.033897802499993 38.956264847100002),1401 KENNEDY ST NW,4,Ulmus americana 'Jefferson',Jefferson Elm,,,Good,Ulmaceae,Ulmus
POINT (-77.073401771600004 38.920134482900004),2302 TUNLAW RD NW,3,Prunus 'Snow Goose',Cherry (Snowgoose),,,Excellent,Rosaceae,Prunus
POINT (-77.057112203599999 38.9116774214),1600 BLK 28TH ST NW,2,Acer saccharum,Maple,,,Fair,Aceraceae,Acer
POINT (-77.093529403299996 38.924432639099997),4808 DEXTER ST NW,3,Prunus Okame,Okame cherry,,,Excellent,Rosaceae,Prunus
POINT (-76.979730342300002 38.897460433100001),600 blk 17th st NE,6,Ginkgo biloba (male),Ginkgo (male),,,Good,Ginkgoaceae,Ginkgo
POINT (-76.982071495599996 38.902759866899999),1500 BLK OATES ST NE,5,Ulmus americana,American elm,,,Good,Ulmacae,Ulmus
POINT (-76.981944504300003 38.902708100799998),1500 BLK OATES ST NE,5,Ulmus americana,American elm,,,Good,Ulmacae,Ulmus
POINT (-76.981996374 38.903775508899997),1027 16TH ST NE,5,,,,,,,
POINT (-76.979576871299997 38.897993512100001),600 blk 17th ST NE,6,Ginkgo biloba (male),Ginkgo (male),,,Good,Ginkgoaceae,Ginkgo
POINT (-77.074684711800003 38.935293360599999),MPD SECOND DISTRICT @ 3320 IDAHO AVE NW & NEWARK,3,,,,,,Aceraceae,Acer
POINT (-77.074750431 38.935298351500002),MPD SECOND DISTRICT @ 3320 IDAHO AVE NW & NEWARK,3,,,,,,Aceraceae,Acer
POINT (-77.074710498800002 38.9353270999),MPD SECOND DISTRICT @ 3320 IDAHO AVE NW & NEWARK,3,,,,,,Aceraceae,Acer
POINT (-77.016108893500004 38.900401979199998),800 BLK 4TH ST NW,6,Quercus phellos,Willow oak,,,Good,Fagaceae,Quercus
POINT (-76.974099285400001 38.904469013400004),1100 blk 21 ST ST NE,5,Quercus phellos,Willow oak,,,Good,Fagaceae,Quercus
POINT (-77.004748915700006 38.831029744299997),119 ATLANTIC ST SE,8,Lagerstroemia indica,Crape myrtle,,,Good,Lythraceae,Lagerstroemia
POINT (-76.952046618500006 38.899397425799997),3710  blk  FOOTE ST NE,7,Other (See Notes),Other (See Notes),,,Excellent,Fabaceae,Robinia
POINT (-76.998411900799994 38.8447305535),500 BLK PARKLAND PL SE,8,Quercus phellos,Willow oak,,,Good,Fagaceae,Quercus
POINT (-77.061043207300003 38.941076531299998),2963 TILDEN ST NW,3,Quercus lyrata,Overcup oak,,,Excellent,Fagaceae,Quercus
POINT (-76.973591351 38.902980843900004),2105 I ST NE,5,Quercus phellos,Willow oak,,,Good,Fagaceae,Quercus
POINT (-76.976873559699996 38.889643599400003),1900 EAST CAPITOL ST BN,7,Quercus bicolor,Swamp white oak,,,Good,,
POINT (-77.033770265300006 38.897920619799997),600 blk 15TH ST NW,2,Quercus phellos,Willow oak,,,Good,Fagaceae,Quercus
POINT (-77.069126389900006 38.908138285100001),1408 35TH ST NW,2,,,,,,Aceraceae,Acer
POINT (-77.067222160399993 38.953262929099999),3242 ELLICOTT ST NW,3,Pistacia chinensis,Chinese pistachio,,,Excellent,Anacardiaceae,Pistacia
POINT (-77.002095092199994 38.8295891502),4307 3RD ST SE,8,Gymnocladus dioicus,Kentucky coffeetree,,,Good,Fabaceae,Gymnocladus
POINT (-76.978706899700001 38.902161900899998),1700 MARYLAND AVE NE,5,Platanus x acerifolia,London plane tree,,,Poor,Platanaceae,Platanus
POINT (-77.033773476899995 38.897530048199997),600 BLK 15TH ST NW,2,Quercus phellos,Willow oak,,,Good,Fagaceae,Quercus
POINT (-77.013581619799993 38.965390787899999),6217 2ND ST NW,4,Ginkgo biloba (female),Ginkgo (female),,,Good,Ginkgoaceae,Ginkgo
POINT (-77.012439833399995 38.878872096800002),Lansburgh Park 1098 Delaware Ave SW,6,, ,,, ,,
POINT (-77.029796241599996 38.9239544243),2600 13TH ST NW,1,Acer platanoides,Norway maple,,,Good,Aceraceae,Acer
POINT (-77.034065230699994 38.965487279900003),1411 RITTENHOUSE ST NW,4,Ginkgo biloba (male),Ginkgo (male),,,Good,Ginkgoaceae,Ginkgo
POINT (-77.102217700099999 38.940809312),3949 52ND ST NW,3,Liquidambar rotundiloba,Sweetgum (sterile),,,Good,Hamamelidaceae,Liquidambar
POINT (-76.943016617300003 38.8837542837),484 BURBANK ST SE,7,Acer rubrum,Red maple,,,Fair,Aceraceae,Acer
POINT (-77.074546310200006 38.930514627100003),3108 38TH ST NW,3,Prunus virginiana,Chokecherry,,,Excellent,Rosaceae,Prunus
POINT (-77.049816160899994 38.914522809600001),1801 23 ST NW (Mitchell Park),2,,,,,Excellent,,
POINT (-77.0292865248 38.965530085200001),,4,Other (See Notes),Other (See Notes),,,Excellent,Null,Other
POINT (-77.076211628600007 38.944029982899998),3825 VEAZY ST NW,3,Acer ginnala,Amur maple,,,Excellent,Aceraceae,Other
POINT (-76.983821121299997 38.901143087599998),1423 MORSE ST NE,5,Tilia americana,American linden,,,Fair,Tiliaceae,Tilia
POINT (-77.0139238549 38.965018484700003),,4,Amelanchier arborea,Downy serviceberry,,,Excellent,Rosaceae,Amelanchier
POINT (-77.033505983200001 38.9419305069),1400  BLK UPSHUR ST NW,4,Liquidambar rotundiloba,Rotundiloba sweetgum,,,Good,Hamamelidaceae,Liquidambar
POINT (-77.044103965900007 38.929951335399998),rear 1931 kenyon st nw,1,Malus species,Crabapple,,,Fair,Rosaceae,Malus
POINT (-77.042441156899997 38.907923245500001),1300 blk CONNECTICUT AVE NW/ MEDIAN,2,Magnolia grandiflora,Southern magnolia,,,Good,Magnoliaceae,Magnolia
POINT (-77.018613707900002 38.952067459),410 GALLATIN ST NW,4,,American elm,,,,Ulmaceae,Ulmus
POINT (-77.021811019 38.915248160499999),1849 7TH ST NW,1,Ulmus americana,American elm,,,Excellent,,
POINT (-77.033736255299999 38.899460790100001),730 15TH ST NW,2,Ulmus americana,American elm,,,Good,Ulmaceae,Ulmus
POINT (-77.071203304600004 38.955227648700003),5016 NEBRASKA AVE NW,3,Prunus 'Snow Goose',Cherry (Snowgoose),,,Excellent,Rosaceae,Amelanchier
POINT (-77.036231490199995 38.951829092200001),1500 BLK GALLATIN ST NW,4,Acer platanoides 'Crimson King',Crimson King Norway maple,,,Good,Aceraceae,Acer
POINT (-76.999024874100002 38.844639262699999),515 PARKLAND PL SE,8,,,,,,Null,Other
POINT (-77.027923944400001 38.935770124699999),1020 SPRING RD NW,1,Acer rubrum,Red maple,,,Good,Aceraceae,Acer
POINT (-77.074634055299995 38.929977698800002),3100 blk 38TH ST NW,3,Prunus yedoensis,Yoshino cherry,,,Excellent,Rosaceae,Prunus
POINT (-76.925011619100005 38.889531186299998),UNIT BLK 53RD PL SE,7,Prunus species,Cherry,,,Dead,Rosaceae,Prunus
POINT (-76.934257480300005 38.877170144600001),1140 46TH ST SE,7,Malus species,Crabapple,,,Fair,Fabaceae,Cercis
POINT (-77.016076198799993 38.9691540878),6509 3RD ST NW,4,Amelanchier species,Serviceberry,,,Good,Rosaceae,Amelanchier
POINT (-77.102147478 38.940979712699999),3949 52ND ST NW,3,Liquidambar Stryaciflua 'Sterile',Sweetgum (sterile),,,Good,Hamamelidaceae,Liquidambar
POINT (-76.978932881299997 38.895483191300002),423 18TH ST NE,6,Acer rubrum,Red maple,,,Good,Aceraceae,Acer
POINT (-77.101990197 38.941341848),4005 52ND ST NW,3,Ulmus americana 'Princeton',Princeton elm,,,Excellent,Ulmaceae,Ulmus
POINT (-77.018688588499998 38.917799110399997),400 blk OAKDALE PL NW,1,Koelreuteria paniculata,Goldenrain tree,,,Fair,Sapindaceae,Koelreuteria
POINT (-77.080096524300004 38.909122482199997),1513 44TH ST NW,3,Tilia species,Linden,,,Excellent,Fagaceae,Quercus
POINT (-77.0207142334 38.9204027408),OPP 2240 6TH ST NW,1,Zelkova serrata 'Green Vase',Green Vase Japanese zelkova,,,Poor,Ulmaceae,Zelkova
POINT (-77.076844522 38.950677873499998),3900 blk CHESAPEAKE ST NW,3,Other (See Notes),Other (See Notes),,,Excellent,Null,Quercus
POINT (-77.0784405932 38.950604916300001),5300 FORT DR NW,3,Liquidambar rotundiloba,Rotundiloba sweetgum,,,Excellent,Aceraceae,Acer
POINT (-77.021511515 38.943111208300003),623 VARNUM ST NW,4,Quercus robur fastigiata,Columnar English oak,,,Good,Fagaceae,Quercus
POINT (-76.9854430842 38.899537408199997),700 BLK14TH ST NE ,6,Quercus bicolor,Swamp white oak,,,Fair,Fagaceae,Quercus
POINT (-76.985443089399993 38.899512157),700 BLK 14TH ST NE,6,Lagerstroemia indica,Crape myrtle,,,Good,Lythraceae,Lagerstroemia
POINT (-77.061835295799995 38.920431111799999),3115 MASSACHUSETTS AVE NW,3,Tilia tomentosa,Silver linden,,,Fair,Tiliaceae,Tilia
POINT (-76.912370482399993 38.892150692),OPP 203 62ND ST NE,7,Zelkova serrata 'Green Vase',Green Vase Japanese zelkova,,,Good,Ulmaceae,Zelkova
POINT (-76.912237345700007 38.892774055),229 62ND ST NE,7,Pistacia chinensis,Chinese pistachio,,,Good,Anacardiaceae,Pistacia
POINT (-77.021313508600002 38.938725062099998),632 RANDOLPH ST NW,4,Platanus x acerifolia,London plane tree,,,Dead,Platanaceae,Pistacia
POINT (-76.943083839099998 38.886461609800001),4363 C ST SE,7,Cercis species,Redbud,,,Poor,Fabaceae,Cercis
POINT (-77.014318002799996 38.904638109300002),100 blk PIERCE ST NW,6,Tilia cordata,Littleleaf linden,,,Good,Tiliaceae,Tilia
POINT (-77.013216227300006 38.904646822),OPP 115 PIERCE ST NW,6,Tilia cordata,Littleleaf linden,,,Good,Tiliaceae,Tilia
POINT (-77.012358055199996 38.904644691400001),100 blk PIERCE ST NW,6,Tilia cordata,Littleleaf linden,,,Fair,Tiliaceae,Tilia
POINT (-77.012462988 38.904644998099997),100 BLK PIERCE ST NW,6,Tilia cordata,Littleleaf linden,,,Good,Tiliaceae,Tilia
POINT (-77.011249680800006 38.904617493300002),,6,Other (See Notes),Other (See Notes),,,Excellent,Null,Other
POINT (-77.009501726500005 38.909595678199999),UNIT BLK P ST NW,5,Quercus lyrata,Overcup oak,,,Good,Fagaceae,Quercus
POINT (-77.0058258 38.964649254),6137 SLIGO MILL RD NE,4,Quercus macrocarpa,Bur oak,,,Excellent,Fagaceae,Quercus
POINT (-77.009870003399996 38.968274516599998),19 UNDERWOOD ST NW,4,Prunus yedoensis,Cherry,,,Dead,Rosacaeae,Prunus
POINT (-76.965447024499994 38.852171783899998),3031 30TH ST SE,8,Prunus virginiana,Chokecherry,,,Excellent,Rosaceae,Prunus
POINT (-77.009232039799997 38.908205622399997),1300 blk North Capitol St,5,Quercus rubra,Red oak,,,Poor,Fagaceae,Quercus
POINT (-76.990673121499995 38.860352675500003),1361 TALBERT TER SE,8,Tilia cordata,Littleleaf linden,,,Good,Tiliaceae,Tilia
POINT (-77.011843557700004 38.832196347299998),3980 2ND ST SW,8,Cercis canadensis,Eastern redbud,,,Good,Fabaceae,Cercis
POINT (-77.075760706099999 38.9297183539),3810 KLINGLE PL NW,3,Cornus florida,Flowering Dogwood,,,Excellent,Cornaceae,Cornus
POINT (-76.981403698500003 38.901450984299998),1600 blk NEAL ST NE,5,Zelkova serrata,Japanese zelkova,,,Good,Ulmaceae,Zelkova
POINT (-76.981269734600005 38.901402908599998),1600 blk NEAL ST NE,5,Zelkova serrata,Japanese zelkova,,,Good,Ulmaceae,Zelkova
POINT (-76.981155537899994 38.901354835900001),1600 blk NEAL ST NE,5,Zelkova serrata,Japanese zelkova,,,Good,Ulmaceae,Zelkova
POINT (-76.981017184 38.901298178099999),1600 blk NEAL ST NE,5,Zelkova serrata,Japanese zelkova,,,Good,Ulmaceae,Zelkova
POINT (-77.021340836600004 38.9715430993),6703 6th st nw,4,Other (See Notes),Other (See Notes),,,Excellent,,
POINT (-77.0871082922 38.9454934002),4420 Windom Pl NW,3,Liquidambar Stryaciflua 'Sterile',Sweetgum (sterile),,,Excellent,Hamamelidaceae,Liquidambar
POINT (-76.967820232099996 38.871416611900003),Opp 1524 28th Street SE,7,,,,,,,
POINT (-77.03888770499999 38.922482777),2400 BLK 17TH ST NW,1,Zelkova serrata 'Green Vase',Green Vase Japanese zelkova,,,Dead,Ulmaceae,Zelkova
POINT (-76.9746131279 38.9055825521),2013  M ST NE,5,Acer negundo,,,,Excellent,,
POINT (-77.016108909699994 38.900473801099999),800 BLK 4TH ST NW,6,Quercus phellos,Willow oak,,,Good,Fagaceae,Quercus
POINT (-77.064311527399994 38.951293626599998),ALLEY BEHIND 3116 DAVENPORT ST NW,3,Acer saccharinum,Other (See Notes),,,Poor,,
POINT (-76.9648445821 38.8678388915),1815 30TH ST SE,7,Cercidiphyllum japonicum,Katsuratree,,,Excellent,Null,Other
POINT (-77.031316734499995 38.965405476100003),1340 RITTENHOUSE ST NW,4,Ginkgo biloba (male),Ginkgo (male),,,Good,Ginkgoaceae,Ginkgo
POINT (-77.037564370599995 38.928701425500002),1628 IRVING ST NW,1,Nyssa sylvatica,Tupelo,,,Excellent,Nyssaceae,Nyssa
POINT (-77.087909386500002 38.948751647800002),4432 BUTTERWORTH PL NW,3,Acer rubrum,Red maple,,,Good,Aceraceae,Acer
POINT (-76.998567980299995 38.830298940299997),4000 BLK 6TH ST SE,8,Parrotia persica,Persian Parrotia,,,Good,Hamamelidaceae,Parrotia
POINT (-77.026110977100004 38.971439808200003),820 WHITTIER PL NW,4,Quercus palustris,Pin oak,,,Poor,Fagaceae,Quercus
POINT (-77.056903721200001 38.929434543),2923 28TH ST NW,3,Platanus x acerifolia,London plane tree,,,Excellent,Platanaceae,Platanus
POINT (-76.936523751600006 38.9016913297),901 46TH ST NE,7,Lagerstroemia indica,Crape myrtle,,,Good,Lythraceae,Lagerstroemia
POINT (-77.015500196800005 38.964910296900001),224 RITTENHOUSE ST NW,4,Prunus virginiana,Norway maple,,,Good,Aceraceae,Acer
POINT (-77.075458501599996 38.945492170199998),3812 WINDOM PL NW,3,Ulmus americana 'New Harmony',New Harmony elm,,,Excellent,Ulmaceae,Ulmus
POINT (-77.020298228599998 38.939936661799997),533 SHEPHERD ST NW,4,Quercus coccinea,Scarlet oak,,,Good,Fagaceae,Quercus
POINT (-77.000491469799996 38.826629289499998),opp 4236 4TH ST SE,8,Liriodendron tulipifera,Tulip poplar,,,Good,Magnoliaceae,Liriodendron
POINT (-77.071924956 38.915835492900001),3617 T STREET NW,2,Morus alba,Other (See Notes),,,Good,,
POINT (-77.021028382 38.964408286199998),537 QUINTANA PL NW,4,Ginkgo biloba (female),Ginkgo (female),,,Good,Ginkgoaceae,Ginkgo
POINT (-76.994460637800003 38.897390533),806 F ST NE,6,Gymnocladus dioicus,Kentucky coffeetree,,,Good,Fabaceae,Gymnocladus
POINT (-77.0000757655 38.826248874599997),4244 4TH ST SE,8,Parrotia persica,Persian Parrotia,,,Dead,Hamamelidaceae,Parrotia
POINT (-76.978756684199993 38.9019351528),opp 1700 MARYLAND AVE NE,5,,,,,,,
POINT (-77.055362739700001 38.933695707399998),3300 27TH ST NW,3,Cornus kousa,Dogwood (Kousa),,,Excellent,Cornaceae,Cornus
POINT (-76.982851317200002 38.900523763199999),1500 BLK MARYLAND AVE NE,5,Ulmus americana 'New Harmony',New Harmony elm,,,Good,Ulmaceae,Ulmus
POINT (-77.102811668900003 38.9393807131),3801 52ND ST NW,3,Quercus palustris,Pin oak,,,Good,Fagaceae,Quercus
POINT (-76.934222464699999 38.877099612099997),1140 46TH ST SE,7,Cercis species,Redbud,,,Good,Fabaceae,Cercis
POINT (-76.987415576299995 38.919888597700002),2227 13TH ST NE,5,,,,,,,
POINT (-76.922210753300007 38.8874276954),90 55TH ST SE,7,Gleditsia triacanthos var. inermis 'Shademaster',Shademaster honeylocust,,,Good,Fabaceae,Gleditsia
POINT (-77.069080436700006 38.936342894100001),3501 ORDWAY ST NW,3,Prunus serrulata 'Kwanzan',Kwanzan cherry,,,Good,Rosaceae,Prunus
POINT (-77.071577819500007 38.951905692099999),Opp 4727 RENO RD NW,3,Prunus 'Snow Goose',Cherry (Snowgoose),,,Excellent,Rosaceae,Prunus
POINT (-76.924816768300005 38.888775592099996),53 53RD PL SE,7,Gymnocladus dioicus,Kentucky coffeetree,,,Good,Fabaceae,Gymnocladus
POINT (-77.041379906399996 38.913302682500003),OPP 1737 RIGGS PL NW,2,Ginkgo biloba (male),Ginkgo (male),,,Good,Ginkgoaceae,Ginkgo
POINT (-76.962549576100002 38.853566833599999),2823 31ST ST SE,7,Quercus palustris,Pin oak,,,Good,Fagaceae,Quercus
POINT (-77.057057079 38.929715696499997),2931 28TH ST NW,3,Nyssa sylvatica,Tupelo,,,Excellent,Nyssaceae,Nyssa
POINT (-77.031925293499995 38.924713261900003),OPP 1375 FAIRMONT ST NW,1,Ulmus parvifolia,Chinese elm,,,Excellent,Ulmaceae,Ulmus
POINT (-77.022017718599997 38.915770702300001),OPP 1901 7TH ST NW,1,Quercus palustris,Japanese zelkova,,,Fair,Fagaceae,Quercus
POINT (-77.0710742686 38.914035071800001),1700 blk  36TH ST NW,2,Ulmus americana,American elm,,,Fair,Ulmaceae,Ulmus
POINT (-76.992913646600002 38.931411853),915 LAWRENCE ST NE,5,Quercus coccinea,Scarlet oak,,,Poor,Fagaceae,Quercus
POINT (-77.072481257500002 38.945857060100003),4312 37TH ST NW,3,Liquidambar styraciflua,Sweetgum,,,Excellent,Hamamelidaceae,Liquidambar
POINT (-77.013825278100001 38.9141446856),151 S ST NW,5,Quercus lyrata,Overcup oak,,,Dead,Fagaceae,Quercus
POINT (-77.022017228 38.915242879799997),1840 7TH ST NW,1,Ulmus americana,American elm,,,Good,Fagaceae,Quercus
POINT (-76.976479861900003 38.870519644399998),1917 MINNESOTA AVE SE,8,Pistacia chinensis,Chinese pistachio,,,Good,Anacardiaceae,Pistacia
POINT (-76.993313437599994 38.9275219441),904 Hamlin St NE,5,,,,,Good,Oleaceae,Chionanthus
POINT (-77.024079219399994 38.915829412800001),1904 9TH ST NW,1,Quercus rubra,Red oak,,,Good,Fagaceae,Quercus
POINT (-77.089770462499999 38.934476286500001),4600 blk Rockwood Parkway NW,3,Zelkova serrata 'Green Vase',Green Vase Japanese zelkova,,,Excellent,Ulmaceae,Zelkova
POINT (-76.972108695399996 38.925363917799999),2713 24TH ST NE,5,Liquidambar rotundiloba,Rotundiloba sweetgum,,,Good,Hamamelidaceae,Liquidambar
POINT (-76.990434274400002 38.941852154499998),1126 UPSHUR ST NE,5,Cercis species,,,,Good,,Cercis
POINT (-76.972236983599998 38.925430056099998),2700 blk 24TH ST NE,5,Acer buergeranum,Trident maple,,,Good,Aceraceae,Acer
POINT (-77.032635264099994 38.931108848100003),3301 14TH ST NW,1,Gleditsia species,Honeylocust,,,Excellent,Fabaceae,Gleditsia
POINT (-77.030344786699999 38.959820066500001),5746 COLORADO AVE NW,4,Prunus Okame,Okame cherry,,,Good,Rosaceae,Prunus
POINT (-76.972241445400002 38.925234075100001),2710 24TH ST NE,5,Acer buergeranum,Trident maple,,,Good,Aceraceae,Acer
POINT (-76.972103256500006 38.925123366100003),2709 24TH ST NE,5,Nyssa sylvatica,Tupelo,,,Good,Nyssaceae,Nyssa
POINT (-76.97224271 38.924976328900001),2706 24TH ST NE,5,Acer rubrum,Red maple,,,Good,Aceraceae,Acer
POINT (-77.087685237800002 38.935957530499998),3500 NEBRASKA AVE NW,3,Quercus acutissima,Sawtooth oak,,,Excellent,Fagaceae,Quercus
POINT (-77.091162691400001 38.916400963500003),4700 whitehaven Pkwy NW,3,Nyssa sylvatica,Tupelo,,,Excellent,Nyssaceae,Nyssa
POINT (-76.972111521 38.925426155700002),2713 24TH ST NE,5,Liquidambar rotundiloba,Rotundiloba sweetgum,,,Good,Hamamelidaceae,Liquidambar
POINT (-77.091777614799994 38.916368232400004),4734 WHITEHAVEN PKWY NW,3,Acer rubrum,Red maple,,,Good,Aceraceae,Acer
POINT (-77.063658080799996 38.965864479099999),OPP 3122 NORTHAMPTON ST NW,4,Cladrastis lutea,Yellowwood,,,Good,Fabaceae,Cladrastis
POINT (-76.979585957200001 38.862515774800002),1742 W ST SE,8,Lagerstroemia indica,Crape myrtle,,,Good,Lythraceae,Lagerstroemia
POINT (-76.979780215900007 38.8626461056),1737 W ST SE,8,Lagerstroemia indica,Crape myrtle,,,Good,Lythraceae,Lagerstroemia
POINT (-77.030243888399994 38.885892311799999),1300 BLK C St SW,6,Pistacia chinensis,Chinese pistachio,,,Dead,Anacardiaceae,Pistacia
POINT (-76.980652268699998 38.863302373899998),1656 W ST SE,8,Prunus virginiana,Chokecherry,,,Good,Rosaceae,Prunus
POINT (-76.979911483199999 38.862734476),1707 W ST SE,8,Lagerstroemia indica,Crape myrtle,,,Good,Lythraceae,Lagerstroemia
POINT (-76.981506245099993 38.863456326300003),1624 W ST SE,8,Magnolia virginiana,Sweetbay magnolia,,,Good,Magnoliaceae,Magnolia
POINT (-77.076512194800003 38.935393972299998),3800 NEWARK ST (NEWARK ST PARK),3,Tilia americana,Linden,,,Excellent,Null,
POINT (-77.034837732900002 38.930058953600003),3100 BLK HIATT PL NW,1,Ginkgo biloba,Ginkgo,,,Poor,Ginkgoaceae,Ginkgo
POINT (-77.076788563299999 38.935336070200002),3800 NEWARK ST NW/NEWARK ST PARK,3,Tilia americana,Linden,Hypoxylon,,Excellent,Null,Quercus
POINT (-77.076553857199997 38.935232903900001),3800 NEWARK ST (NEWARK ST PARK),3,Prunus serrulata 'Kwanzan',Kwanzan cherry,,,Dead,Null,
POINT (-77.076581966099994 38.935139024599998),3800 NEWARK ST (NEWARK ST PARK),3,Tilia americana,American linden,,,Poor,Null,
POINT (-77.0727363556 38.934875827699997),3402 WISCONSIN AVE NW,3,Quercus macrocarpa,Bur oak,,,Excellent,Fagaceae,Quercus
POINT (-76.988221706 38.895653288399998),425 13TH ST NE,6,Acer rubrum,Red maple,,,Good,Aceraceae,Acer
POINT (-76.990996243500007 38.896078145799997),OPP 1110 E ST NE,6,Acer rubrum,Red maple,,,Good,Aceraceae,Acer
POINT (-76.999300761599997 38.892070806500001),500 CONSTITUTION AVE NE,6,Ulmus species,,,,Good,,
POINT (-77.025844276900003 38.964912268500001),836 RITTENHOUSE ST NW,4,Prunus 'Snow Goose',Cherry (Snowgoose),,,Good,Rosaceae,Prunus
POINT (-77.025258301500003 38.964999204599998),831 RITTENHOUSE ST NW,4,Acer rubrum 'October Glory',October Glory red maple,,,Good,Aceraceae,Acer
POINT (-77.023011115800003 38.964999685800002),713 RITTENHOUSE ST NW,4,Acer saccharum,Sugar maple,,,Good,Aceraceae,Acer
POINT (-77.024938852399998 38.964919221400002),814 RITTENHOUSE ST NW,4,Acer platanoides,Norway maple,,,Good,Aceraceae,Acer
POINT (-77.023826809900001 38.964917539299996),738 RITTENHOUSE ST NW,4,Acer rubrum,Red maple,,,Good,Aceraceae,Acer
POINT (-77.016106512299999 38.910686050700001),1539 4TH ST NW,5,Acer species,Maple,,,Good,Aceraceae,Acer
POINT (-76.990770258 38.860387602400003),1357 TALBERT TER SE,8,Syringa reticulata,Lilac,,,Good,Oleaceae,Syringa
POINT (-77.008114066399997 38.824481734700001),20 GALVESTON PL SW,8,Syringa reticulata,Lilac,,,Good,Oleaceae,Syringa
POINT (-77.052604722 38.924576752199997),2600 24TH ST NW,3,Ulmus parvifolia,Siberian elm,,,Excellent,Ulmaceae,Ulmus
POINT (-77.01302468199999 38.9191419872),126 W ST NW/1st St,5,Oxydendrum arboreum,,,,Good,,
POINT (-77.052677219700001 38.914672525500002),1814 24TH ST NW,2,Acer platanoides,Norway maple,,,Fair,Aceraceae,Acer
POINT (-77.011602352699995 38.832499630100003),3968 2ND ST SW,8,Celtis laevigata,Sugarberry,,,Good,Ulmaceae,Celtis
POINT (-76.925450463900006 38.8996835795),OPP 5220 HAYES ST NE,7,Quercus phellos,Willow oak,,Scale,Good,Fagaceae,Quercus
POINT (-76.964704326499998 38.878170520099999),1004 30TH ST SE,7,Cornus kousa,Dogwood (Kousa),,,Dead,Cornaceae,Cornus
POINT (-76.964703567900003 38.8742702614),OPP 1301 30TH ST SE,7,Celtis occidentalis,Hackberry,,,Good,Ulmaceae,Celtis
POINT (-76.964697900100006 38.874456346),OPP 1301 30TH ST SE,7,Celtis occidentalis,Hackberry,,,Good,Ulmaceae,Celtis
POINT (-76.964958855800006 38.874562805),2927 N ST SE,7,Nyssa sylvatica,Tupelo,,,Good,Nyssaceae,Nyssa
POINT (-76.983317840300003 38.922550494699998),OPP 1525 DOWNING ST NE,5,Other (See Notes),Other (See Notes),,,Excellent,Fabaceae,Cercis
POINT (-76.974654582599996 38.935044228400002),2000 blk OTIS ST NE,5,Amelanchier arborea,Downy serviceberry,,,Dead,Rosaceae,Amelanchier
POINT (-76.976292294199993 38.933913507),opp 3515 20th St NE,5,Acer buergeranum,Trident maple,,,Good,Aceraceae,Acer
POINT (-77.006647175 38.909593721500002),unit blk P ST NE,5,Cercis canadensis,,,,Good,,
POINT (-77.015604790799998 38.916005961800003),0 ANNA J COOPER CIR NW/ 3RD ST & T ST,1,Gleditsia triacanthos var. inermis 'Skyline',Skyline honeylocust,,,Good,Fabaceae,Gleditsia
POINT (-76.982751281199995 38.934081861599999),3600 blk 16TH ST NE,5,Prunus Okame,Okame cherry,,,Good,Rosaceae,Prunus
POINT (-76.992365893300004 38.921619852600003),2409 10TH ST NE,5,Prunus serrulata 'Kwanzan',Kwanzan cherry,,,Good,Rosaceae,Prunus
POINT (-77.05239495399999 38.900641106599998),2402 I ST NW,2,Ulmus americana,American elm,,,Good,Ulmaceae,Ulmus
POINT (-76.957396907399996 38.891351613),100 blk KENILWORTH AVE NE,7,Nyssa sylvatica,Tupelo,,,Fair,Nyssaceae,Platanus
POINT (-76.975683145700003 38.865303659799999),2208 U PL SE,8,,,,,Good,Magnoliaceae,Magnolia
POINT (-76.975847252099996 38.865259798499999),2205 U PL SE,8,Metasequoia glyptostroboides,Dawn redwood,,,Fair,Cupressaceae,Metasequoia
POINT (-77.019339018699995 38.937233502200002),500 ROCK CREEK CHURCH RD NW,1,Ulmus americana 'Princeton',Princeton elm,,,Excellent,Ulmaceae,Ulmus
POINT (-76.9882516057 38.878878937499998),904 13TH ST SE,6,,,,,Dead,Fagaceae,Quercus
POINT (-76.971932058099995 38.869534596400001),2334 R ST SE,8,Chionanthus retusus,Chinese Fringetree,,,Fair,Oleaceae,Chionanthus
POINT (-76.979707605599998 38.897521875400003),,6,Ginkgo biloba (male),Ginkgo (male),,,Good,Ginkgoaceae,Ginkgo
POINT (-76.979678180199997 38.897650631099999),600 blk 17th st NE,6,Ginkgo biloba (male),Ginkgo (male),,,Good,Ginkgoaceae,Ginkgo
POINT (-76.979661948200004 38.897708236900002),,6,Ginkgo biloba (male),Ginkgo (male),,,Good,Ginkgoaceae,Ginkgo
POINT (-76.97962623799999 38.897819911),600 blk 17th ST NE,6,Ginkgo biloba (male),Ginkgo (male),,,Excellent,Ginkgoaceae,Ginkgo
POINT (-76.979602214600007 38.897891159899999),600 blk 17th ST NE,6,Ginkgo biloba (male),Ginkgo (male),,,Good,Ginkgoaceae,Ginkgo
POINT (-76.9415971369 38.895916411499996),4214 EADS ST NE,7,Platanus x acerifolia,London plane tree,,,Good,Platanaceae,Platanus
POINT (-77.042117190499994 38.907370980499998),1300 blk CONNECTICUT AVE NW/ MEDIAN,2,Magnolia grandiflora,Southern magnolia,,,Good,Magnoliaceae,Magnolia
POINT (-77.077098477299998 38.9453317818),OPP 4315 39TH ST NW,3,Gymnocladus dioicus,Kentucky coffeetree,,,Excellent,Fabaceae,Other
POINT (-77.059685685700003 38.951714255799999),4726 LINNEAN AVE NW,3,Cornus kousa,Dogwood (Kousa),,,Excellent,Cornaceae,Cornus
POINT (-77.074530489099999 38.929868925699999),3101 38TH ST NW,3,Quercus phellos,Willow oak,,,Excellent,Fagaceae,Quercus
POINT (-77.039892343800005 38.914054223199997),1716 S ST NW,2,Ulmus species,,,,Good,Fagaceae,Quercus
POINT (-77.033763643900002 38.898283011799997),700 BLK 15TH ST NW,2,Quercus phellos,Willow oak,,,Good,Fagaceae,Quercus
POINT (-77.024080489300005 38.916328241099997),1924 9TH ST NW,1,Quercus rubra,Red oak,,,Good,Fagaceae,Quercus
POINT (-76.936653635400006 38.902023501499997),912 46TH ST NE,7,Acer rubrum,Red maple,,,Good,Aceraceae,Acer
POINT (-76.936659873699995 38.902244232400001),918 46TH ST NE,7,Acer rubrum,Red maple,,,Good,Aceraceae,Acer
POINT (-76.962380364799998 38.854252546),2810 31ST ST SE,7,Quercus shumardi,Shumard oak,,,Good,Fagaceae,Quercus
POINT (-77.076817275600007 38.965653209099997),Rear 5630 Connecticut Ave NW,3,Ulmus americana,American elm,,,Good,,
POINT (-77.018060405599996 38.88120756),OPP 411 G ST SW,6,Quercus phellos,Willow oak,,,Fair,Fagaceae,Quercus
POINT (-77.028950047 38.981958397500001),7546 ALASKA AVE NW,4,Cercis species,Redbud,,,Good,Fabaceae,Cercis
POINT (-76.938049801600002 38.899793122600002),OPP 4419 HAYES ST NE,7,Nyssa sylvatica,Tupelo,,,Fair,Nyssaceae,Nyssa
POINT (-76.965292587600004 38.876600230500003),2954 M ST SE,7,Malus species,Crabapple,,,Good,Rosaceae,Malus
POINT (-76.937940617799995 38.872719576599998),4200 BLK ALABAMA AVE SE,7,Quercus acutissima,Sawtooth oak,,,Good,Fagaceae,Quercus
POINT (-77.030531446 38.924815207899996),1319 FAIRMONT ST NW,1,Acer rubrum,Red maple,,,Excellent,Aceraceae,Acer
POINT (-76.976438547499995 38.903673456600004),1800 blk L ST NE,5,Nyssa sylvatica,Tupelo,,,Good,Nyssaceae,Nyssa
POINT (-77.076085483300005 38.949297623),4539  NEBRASKA AVE NW,3,Liquidambar rotundiloba,Rotundiloba sweetgum,,,Excellent,Hamamelidaceae,Liquidambar
POINT (-76.942971120099998 38.8833185409),449 BURBANK ST SE,7,Syringa reticulata,Lilac,,,Good,Oleaceae,Syringa
POINT (-77.057410654700007 38.947952536199999),2869 ALBEMARLE ST NW,3,Quercus acutissima,Sawtooth oak,,,Good,Fagaceae,Quercus
POINT (-77.022106240400007 38.940953707699997),711 TAYLOR ST NW,4,Quercus palustris,Pin oak,,,Fair,Fagaceae,Quercus
POINT (-77.072764006300005 38.933426582599999),3704 Macomb St NW,3,Prunus 'Snow Goose',Cherry (Snowgoose),,,Excellent,Rosaceae,Prunus
POINT (-76.937846847499998 38.899685352299997),4427 HAYES ST NE,7,Koelreuteria paniculata,Goldenrain tree,,,Poor,Sapindaceae,Koelreuteria
POINT (-77.067876415499995 38.954748110799997),3403 FESSEDEN ST NW,3,Fagus sylvatica,European beech,,,Good,Fagaceae,Fagus
POINT (-77.041510195 38.927128108200002),1800 HARVARD ST NW triangle,1,Prunus 'Snow Goose',Cherry (Snowgoose),,,Excellent,Rosaceae,Prunus
POINT (-76.982905118700003 38.902047874799997),1530 NEAL ST NE,5,Quercus nuttallii,Nuttall oak,,,Good,Fagaceae,Quercus
POINT (-76.943252520900003 38.884220301100001),420 BURBANK ST SE,7,Quercus nuttallii,Nuttall oak,,,Dead,Fagaceae,Quercus
POINT (-76.964830646899998 38.875750059600001),1200 blk 30TH ST SE,7,Celtis occidentalis,Hackberry,,,Good,Ulmaceae,Celtis
POINT (-77.0715736386 38.953264518899999),3634 ELLICOTT ST NW,3,Prunus yedoensis,Yoshino cherry,,,,Rosaceae,Prunus
POINT (-77.074067503099997 38.935225002),3700 blk NEWARK ST NW,3,Quercus nuttallii,Nuttall oak,,,Excellent,Fagaceae,Quercus
POINT (-76.940168813100001 38.893522870399998),4265 BROOKS ST NE,7,Acer rubrum,Red maple,,,Good,Aceraceae,Acer
POINT (-76.987296656699996 38.833414148700001),1127 BELLEVUE ST SE,8,Quercus palustris,Pin oak,,,Good,Fagaceae,Quercus
POINT (-77.001583457400002 38.826570027199999),OPP 307 LIVINGSTON TER SE,8,Celtis occidentalis,Hackberry,,,Good,Ulmaceae,Celtis
POINT (-76.999769696100003 38.823778726900002),4600 BLK 6TH ST SE,8,Chionanthus retusus,Chinese Fringetree,,,Good,Oleaceae,Chionanthus
POINT (-77.064356524299995 38.950063803699997),FOREST HILLS PARK (CLOSE TO CHURCH PARKING LOT),3,Gymnocladus dioicus,,,,Excellent,Null,Ulmus
POINT (-76.939006869099998 38.899683148500003),4401 HAYES ST NE,7,Cladrastis lutea,Yellowwood,,,Good,Fabaceae,Cladrastis
POINT (-76.977634323199993 38.8682954266),1838 S Street  SE,8,Robinia pseudoacacia,Black locust,,,Good,Fabaceae,Robinia
POINT (-77.056876508900004 38.929206392499999),2918 28TH ST NW,3,Nyssa sylvatica,Tupelo,,,Excellent,Nyssaceae,Nyssa
POINT (-77.064834429699999 38.958133071500001),5257 LINNEAN AVE NW,3,Pistacia chinensis,Chinese pistachio,,,Excellent,Anacardiaceae,Pistacia
POINT (-76.938942297799997 38.899783192),4400 HAYES ST NE,7,Acer rubrum,Red maple,,,Good,Aceraceae,Acer
POINT (-77.034454383300002 38.911021240499998),1537 15TH ST NW,2,Quercus palustris,Pin oak,,,Good,Fagaceae,Quercus
POINT (-77.051712445700005 38.913027889299997),2315 MASSACHUSETTS AVE NW,2,Tilia cordata,Littleleaf linden,,,Fair,Tiliaceae,Tilia
POINT (-77.092808669899995 38.916311780900003),OPP 4700 WHITEHAVEN PKWY NW,3,Lagerstroemia indica,Crape myrtle,,,Excellent,Lythraceae,Lagerstroemia
POINT (-77.092902533699998 38.916285109900002),OPP 4700 WHITEHAVEN PKWY NW,3,Syringa reticulata,Lilac,,,Excellent,Oleaceae,Syringa
POINT (-76.993904690899996 38.958946124100002),5732 EASTERN AVE NE,4,Lagerstroemia indica,Crape myrtle,,,Dead,Lythraceae,Lagerstroemia
POINT (-76.965075541700003 38.927028037699998),opp 2810 30th St NE,5,Cercis species,Redbud,,,Good,Fabaceae,Cercis
POINT (-77.056024980800004 38.923008068),OPP 2560 28TH ST NW,3,,,,,,,
POINT (-76.965238295500001 38.926910162299997),2800 blk 30TH ST NE,5,Cercis canadensis,Eastern redbud,,,Good,Fabaceae,Cercis
POINT (-76.956201978099998 38.9294286306),3100 block Eastern Ave NE,5,Fagus grandifolia,American beech,,,Dead,Fagaceae,"Fagus
Fagus
Fagus"
POINT (-76.959481722800007 38.924603228199999),3194 FORT LINCOLN DR NE,5,Acer rubrum,Red maple,,,Poor,Aceraceae,Acer
POINT (-76.959629477700005 38.925138813),3180 FORT LINCOLN DR NE,5,Acer rubrum,Red maple,,,Poor,Aceraceae,Acer
POINT (-76.959734188599995 38.925326809300003),3100 BLK FORT LINCOLN DR NE,5,Cercis canadensis,Eastern redbud,,,Poor,Fabaceae,
POINT (-76.959763428100004 38.925188515599999),3100 BLK FORT LINCOLN DR NE,5,Celtis occidentalis,Hackberry,,,Poor,Ulmaceae,
POINT (-76.991981985099997 38.9473464808),1006 CRITTENDEN ST NE,5,Quercus phellos,Willow oak,,,Fair,Fagaceae,Quercus
POINT (-77.066967545899999 38.9262350574),3409 FULTON ST NW,3,Prunus 'Snow Goose',Cherry (Snowgoose),,,Excellent,Rosaceae,Prunus
POINT (-77.0014941795 38.902452053),313 K ST NE,6,Zelkova serrata 'Green Vase',Green Vase Japanese zelkova,,,Good,Ulmaceae,Zelkova
POINT (-76.9716710979 38.924570070800002),2410 EVARTS ST NE ,5,Cercis canadensis,Eastern redbud,,,Poor,Fabaceae,Cercis
POINT (-77.001038703099994 38.902456467299999),327 K ST NE,6,Quercus palustris,Pin oak,,,Good,Fagaceae,Quercus
POINT (-76.977652698100002 38.931107168),1901 KEARNY ST NE,5,Acer species,Maple,,,Good,Aceraceae,Acer
POINT (-76.970617318899997 38.924565328600004),2424 EVARTS ST NE,5,Carpinus caroliniana,Ironwood,,,Good,Betulaceae,Carpinus
POINT (-77.037481730400003 38.942893045700004),1604 VARNUM ST NW,4,Quercus palustris,Pin oak,,,Good,Fagaceae,Quercus
POINT (-76.958958947499994 38.868631497800003),3235  PENNSYLVANIA AVE SE,7,Prunus Okame,Okame cherry,,,Good,Rosaceae,Celtis
POINT (-76.980665513199995 38.904075672600001),1107 BLADENSBURG RD NE/Levis St,5,Quercus robur fastigiata,Columnar English oak,,,Poor,Fagaceae,Quercus
POINT (-76.988217797199994 38.889993507),1 13TH ST NE,6,Quercus acutissima,Sawtooth oak,,,Good,Fagaceae,Quercus
POINT (-76.975023588599996 38.913313225099998),2115 RAND PL NE,5,Lagerstroemia indica,Crape myrtle,,,Good,Lythraceae,Lagerstroemia
POINT (-76.990377698299994 38.897201949600003),1100 BLK MARYLAND AVE NE,6,Quercus rubra,Red oak,BLS,,Fair,Fagaceae,Quercus
POINT (-77.053727221499997 38.905824151799997),2500 N St NW (Francis Field),2,Other (See Notes),Other (See Notes),,,Excellent,Null,Other
POINT (-76.997482264499993 38.835414480499999),opp 503  VALLEY AVE SE,8,Persimmon Diospyros Virginia,,,,Good,Ulmaceae,Zelkova
POINT (-77.013812527499994 38.829254134400003),OPP 4142 2ND ST SW,8,Acer species,Maple,,,Good,Aceraceae,Acer
POINT (-77.013903935900004 38.828933997),4100 BLK 2ND ST SW,8,Sassafras albidum,Sassafras,,,Dead,Lauraceae,Sassafras
POINT (-77.013876887799995 38.82903381),4100 BLK 2ND ST SW,8,Quercus bicolor,Swamp white oak,,,Dead,Fagaceae,Quercus
POINT (-76.964172051099993 38.923385178799997),3043 Douglas St NE,5,Prunus 'Snow Goose',Cherry (Snowgoose),,,Good,Rosaceae,Prunus
POINT (-76.964078212299995 38.923390321299998),3043 Douglas St NE,5,Prunus 'Snow Goose',Cherry (Snowgoose),,,Good,Rosaceae,Prunus
POINT (-76.961261057499996 38.856514795700001),3222 FRANKFORD ST SE,7,Pyrus calleryana 'Whitehouse',Whitehouse callery pear,,,Good,Rosaceae,Pyrus
POINT (-76.978186179600002 38.894447965),332 18th pl NE,6,Lagerstroemia indica,Crape myrtle,,,Good,Lythraceae,Lagerstroemia
POINT (-77.084386549300007 38.926981825),4308 Forest Ln NW,3,EucommiaÂ ulmoides,Hardy Rubber Tree,,,Good,Eucommiaceae,Other
POINT (-77.084647708399999 38.926777768100003),4320 Forest Ln NW,3,EucommiaÂ ulmoides,Hardy Rubber Tree,,,Excellent,Eucommiaceae,Other
POINT (-77.074161973 38.921735996800003),2439 Tunlaw Rd NW,3,Lagerstroemia indica,Crape myrtle,,,Excellent,Lythraceae,Lagerstroemia
POINT (-77.011186790300002 38.8804211761),"South Capitol & I Streets, SW (Park Tree)",6,Cryptomeria japonica,,,,Excellent,,
POINT (-77.079740322600003 38.944842169499999),opp 4022 WARREN ST NW,3,Gymnocladus dioicus,Kentucky coffeetree,,,Excellent,Fabaceae,Gymnocladus
POINT (-76.958755422199999 38.868547310399997),3235 PENNSYLVANIA AVE SE,7,Prunus Okame,Okame cherry,,,Good,Rosaceae,Celtis
POINT (-76.972097258100007 38.932236708),3401 24th St NE,5,Lagerstroemia indica,Crape myrtle,,,Good,Lythraceae,Lagerstroemia
POINT (-77.079248586700004 38.943916354),4000 VEAZEY ST NW,3,Prunus 'Snow Goose',Cherry (Snowgoose),,,Excellent,Rosaceae,Prunus
POINT (-76.959321334199998 38.868741185499999),3225 PENNSYLVANIA AVE SE,7,Gleditsia triacanthos var. inermis 'Skyline',Skyline honeylocust,,,Good,Fabaceae,Ulmus
POINT (-77.073536925599996 38.937050503099996),3515 WISCONSIN AVE NW,3,Quercus bicolor,Swamp white oak,,,Poor,Fagaceae,Quercus
POINT (-77.001595117299999 38.922423728200002),308 CHANNING ST NE,5,Quercus palustris,Pin oak,Ganoderma Root Rot,,Poor,Fagaceae,Quercus
POINT (-77.012069839199995 38.9257148628),2645 1ST ST NW,5,Cercis canadensis,Eastern redbud,,,Excellent,Fabaceae,Cercis
POINT (-76.920462951100006 38.896313063199997),OPP 516 56TH ST NE,7,Quercus coccinea,Scarlet oak,,,Good,Fagaceae,Quercus
POINT (-76.990948634099993 38.894737784599997),1117 D ST NE,6,Acer platanoides,Norway maple,,,Good,Aceraceae,Acer
POINT (-76.960122066500006 38.858512924400003),2522 33RD ST SE,7,Platanus occidentalis,American sycamore,,,Good,Platanaceae,Platanus
POINT (-76.977650837699997 38.867441344900001),OPP 1838 T ST SE,8,EucommiaÂ ulmoides,Hardy Rubber Tree,,,Good,Eucommiaceae,Eucommia
POINT (-76.977798555099994 38.867432674299998),1831 T ST SE,8,Acer platanoides,Norway maple,,,Good,Aceraceae,Acer
POINT (-76.949079678100006 38.866749192),3800 BLK R ST SE,7,Celtis laevigata,Sugarberry,,,Good,Ulmaceae,Celtis
POINT (-76.990377697 38.865157416700001),1100 BLK W ST SE,8,Pistacia chinensis,Chinese pistachio,,,Dead,Anacardiaceae,Pistacia
POINT (-76.990856838499994 38.864836293800003),OPP 2207 SHANNON PL SE,8,Ulmus americana 'New Harmony',New Harmony elm,,,Good,Ulmaceae,Ulmus
POINT (-76.989962201099999 38.864896982300003),1100 BLK W ST SE,8,Carpinus caroliniana,Ironwood,,,Good,Betulaceae,Carpinus
POINT (-76.960244721400002 38.8587304351),2521 33RD ST SE,7,Acer rubrum,Red maple,,,Fair,Aceraceae,Acer
POINT (-77.048874495099994 38.913666598100001),1725 22nd ST NW (Spanish Steps) ,2,Platanus x acerifolia,London plane tree,,,Dead,Platanaceae,Platanus
POINT (-77.021464656299997 38.965009079700003),603 RITTENHOUSE ST NW,4,Prunus serrulata 'Kwanzan',Kwanzan cherry,,,Excellent,Rosaceae,Prunus
POINT (-77.022153279600005 38.965006117599998),619 RITTENHOUSE ST NW,4,Acer campestre,Hedge maple,,,Good,Aceraceae,Acer
POINT (-77.016907870500006 38.918507582399997),200 BLK V ST NW,1,Lagerstroemia indica,Crape myrtle,,,Dead,Lythraceae,Lagerstroemia
POINT (-77.016631558900002 38.918533607400001),200 BLK V ST NW,1,Lagerstroemia indica,Crape myrtle,,,Dead,Lythraceae,Lagerstroemia
POINT (-77.016503745400001 38.918551620199999),200 BLK V ST NW,1,Lagerstroemia indica,Crape myrtle,,,Dead,Lythraceae,Lagerstroemia
POINT (-77.016121486700001 38.918586232300001),200 BLK V ST NW,1,Lagerstroemia indica,Crape myrtle,,,Good,Lythraceae,Lagerstroemia
POINT (-77.015983887499999 38.918593929399997),200 BLK V ST NW,1,Lagerstroemia indica,Crape myrtle,,,Good,Lythraceae,Lagerstroemia
POINT (-76.983263848099995 38.898990215200001),705 15th ST NE,6,Ulmus americana,Other (See Notes),,,Good,,
POINT (-77.0250104725 38.9552843102),821 JEFFERSON ST NW,4,Quercus palustris,Pin oak,,,Good,Fagaceae,Quercus
POINT (-76.943326585899996 38.8840620673),421 BURBANK ST SE,7,,,,,Excellent,Aceraceae,Acer
POINT (-76.9465278797 38.892734366900001),OPP 4013 CLAY PL NE,7,Prunus species,Cherry,,,Fair,Rosaceae,Prunus
POINT (-77.0637309018 38.910517327599997),OPP 3150 Q ST NW,2,Tilia americana,American linden,,,Good,Tiliaceae,Tilia
POINT (-76.931572283099996 38.899299030800002),719 49TH ST NE,7,,Hornbeam,,,Good,Fagaceae,Quercus
POINT (-77.04998794 38.914561882500003),"23rd & S Sts., NW",2,,,,,,,
POINT (-77.048911803400003 38.913696617600003),1725 22nd ST NW (Spanish Steps) ,2,Ilex opaca,Other (See Notes),,,Good,,
POINT (-77.048904588699997 38.913659441100002),1725 22nd ST NW (Spanish Steps) ,2,Ilex opaca,Other (See Notes),,,Good,,
POINT (-77.04862057299999 38.913432690100002),1725 22nd ST NW (Spanish Steps),2,Acer species,Other (See Notes),,,Fair,,Acer
POINT (-77.048912028700002 38.913477227199998),1725 22nd ST NW (Spanish Steps),2,Juniperus virginiana,Eastern redcedar,,,Good,,Juniperus
POINT (-77.048918732100006 38.9135869817),1725 22nd ST NW (Spanish Steps) ,2,Quercus phellos,Other (See Notes),,,Good,,
POINT (-77.048892605299997 38.913429443399998),1725 22nd ST NW (Spanish Steps),2,Lagerstroemia indica,Crape myrtle,,,Good,,Lagerstroemia
POINT (-77.048910008099995 38.913455232),1725 22nd ST NW (Spanish Steps),2,Prunus species,Cherry,,,Fair,,Prunus
POINT (-77.048871495399993 38.913798957600001),1725 22nd ST NW (Spanish Steps) ,2,Cercis canadensis,Other (See Notes),,,Good,,
POINT (-77.089004786100006 38.916387956900003),4700 whitehaven pkwy nw,3,Prunus species,Cherry,,,Dead,Rosaceae,Prunus
POINT (-77.089230512599997 38.916339373299998),4700 whitehaven pkwy nw,3,Other (See Notes),Other (See Notes),,,Excellent,Rosaceae,Prunus
POINT (-77.046182241899999 38.898273913300002),2028 G ST NW,2,Quercus phellos,Willow oak,,,Poor,Fagaceae,Quercus
POINT (-77.0154724378 38.948331434099998),4700 blk NEW HAMPSHIRE AVE NW,4,Prunus species,Other (See Notes),,,Poor,Null,Other
POINT (-77.0750786479 38.930103692099998),3811 MASSACHUSETTS AVE NW,3,Quercus lyrata,Overcup oak,,,Excellent,Fagaceae,Quercus
POINT (-77.045930907799999 38.898276682099997),2020 G ST NW,2,Quercus phellos,Willow oak,,,Good,Fagaceae,Quercus
POINT (-77.025318578400004 38.9406473373),4036 GEORGIA AVE NW,4,Quercus bicolor,Swamp white oak,,,Good,Fagaceae,Quercus
POINT (-77.079031269200001 38.9296522506),4101 CATHEDRAL AVE NW,3,Quercus bicolor,Swamp white oak,,,Excellent,Fagaceae,Quercus
POINT (-77.079173030500002 38.929715891699999),4101 CATHEDRAL AVE NW,3,Quercus lyrata,Overcup oak,,,Excellent,Fagaceae,Quercus
POINT (-77.042271530500003 38.947407602799998),4607 COLORADO AVE NW,4,Ulmus americana 'New Harmony',New Harmony elm,,,Poor,Ulmaceae,Ulmus
POINT (-77.096433132800001 38.941327554499999),4851 Tilden St NW,3,Carpinus caroliniana,Ironwood,,,Excellent,Betulaceae,Carpinus
POINT (-77.092550032700004 38.940896496800001),3915 47TH ST NW,3,Malus species,No Tree,,,Excellent,Null,No
POINT (-77.091584077099995 38.941330415700001),4601 TILDEN ST NW,3,Pistacia chinensis,Chinese pistachio,,,Dead,Anacardiaceae,Pistacia
POINT (-77.011553509400002 38.955439696200003),opp 5324 1ST ST NW,4,Acer campestre,Hedge maple,,,Good,Aceraceae,Acer
POINT (-76.963668548300006 38.867666916499999),3193 WESTOVER DR SE,7,Amelanchier species,Serviceberry,,,Excellent,Rosaceae,Amelanchier
POINT (-77.001377043399998 38.916950473100002),315 U ST NE,5,Quercus lyrata,Overcup oak,,,Good,Fagaceae,Quercus
POINT (-77.002868468800003 38.922874144600002),217 CROMWELL TERR NE,5,Ginkgo biloba,Ginkgo,,,Good,Ginkgoaceae,Ginkgo
POINT (-77.002862264399994 38.922951356699997),216 CROMWELL TERR NE,5,Ginkgo biloba,Ginkgo,,,Good,Ginkgoaceae,Ginkgo
POINT (-76.999105932500001 38.896072871199998),507 E ST NE,6,Liquidambar styraciflua,Sweetgum,,,Poor,Hamamelidaceae,Liquidambar
POINT (-77.001422242 38.917050677500001),opp 315 U ST NE,5,Quercus nuttallii,Nuttall oak,,,Good,Fagaceae,Quercus
POINT (-77.001544452600001 38.917053130699998),308 U ST NE,5,Quercus lyrata,Overcup oak,,,Good,Fagaceae,Quercus
POINT (-77.007634436299995 38.916951962),37 U ST NE,5,Platanus occidentalis,American sycamore,,,Good,Platanaceae,Platanus
POINT (-77.086603010499999 38.914408655300001),1800 blk FOXHALL RD NW,3,Lagerstroemia indica,Crape myrtle,,,Excellent,Lythraceae,Lagerstroemia
POINT (-76.966606459700003 38.924341907600002),2624 30TH ST NE,5,Platanus x acerifolia,London plane tree,,,Good,Platanaceae,Platanus
POINT (-77.0866692882 38.914452857599997),1800 blk FOXHALL RD NW,3,Lagerstroemia indica,Crape myrtle,,,Excellent,Lythraceae,Lagerstroemia
POINT (-77.0009142129 38.891975350800003),325 CONSTITUTION AVE NE,6,Acer saccharum,Sugar maple,,,Fair,Aceraceae,Acer
POINT (-76.976944169199996 38.932086120800001),1929 LAWRENCE ST NE,5,Quercus bicolor,,,,Good, ,
POINT (-77.066485223 38.930861817500002),OPP 3009 34TH ST NW,3,Amelanchier arborea,Downy serviceberry,,,Good,Rosaceae,Amelanchier
POINT (-77.058250175799998 38.909560095800003),1500 BLOCK 29TH ST NW,2,Acer saccharum,Sugar maple,,,Fair,Aceraceae,Acer
POINT (-77.035144969399994 38.937483036),OPP 1448 SPRING RD NW,4,Ginkgo biloba (female),Ginkgo (female),,,Good,Ginkgoaceae,Ginkgo
POINT (-77.056020480499996 38.917190969),2552 BELMONT RD NW,2,Ulmus parvifolia,,,,Excellent,Aceraceae,Acer
POINT (-76.983790372800001 38.892234950899997),1400 blk North Carolina AVE NE,6,Other (See Notes),Other (See Notes),,,Good,Null,Other
POINT (-77.078379641300003 38.950532041499997),3950 Chesapeake st NW-Woodrow Wilson High School,3,Celtis occidentalis,Other (See Notes),,,Excellent,,
POINT (-77.070453227 38.9463359744),OPP 3612 YUMA ST NW,3,Cornus kousa,Dogwood (Kousa),,,Excellent,Cornaceae,Other
POINT (-77.073822181200001 38.9381107779),3716 QUEBEC ST NW,3,Liquidambar rotundiloba,Rotundiloba sweetgum,,,Excellent,Hamamelidaceae,Liquidambar
POINT (-77.077696519100002 38.936902054199997),3901 LANGLEY CT NW,3,Celtis occidentalis,Hackberry,,,Dead,Ulmaceae,Celtis
POINT (-77.078394635699993 38.936411435700002),3950 LANGLEY CT NW,3,Nyssa sylvatica,Tupelo,,,Excellent,Nyssaceae,Nyssa
POINT (-77.031569921400006 38.935372839300001),1353 PARKWOOD PL NW,1,Ginkgo biloba,Ginkgo,,,Good,Ginkgoaceae,Ginkgo
POINT (-77.0316710962 38.935236949599997),1354 PARKWOOD PL NW,1,Ginkgo biloba,Ginkgo,,,Good,Ginkgoaceae,Ginkgo
POINT (-77.031733893899997 38.935372794899997),1357 PARKWOOD PL NW,1,Ginkgo biloba,Ginkgo,,,Good,Ginkgoaceae,Ginkgo
POINT (-77.009119258 38.819311690900001),OPP 173 JOLIET ST SW,8,Tilia americana,American linden,,,Good,Tiliaceae,Tilia
POINT (-77.008820738599994 38.819349022200001),opp 167 JOLIET ST SW,8,Gymnocladus dioicus,Kentucky coffeetree,,,Good,Fabaceae,Gymnocladus
POINT (-76.975469685899995 38.931201291800001),2006 KEARNY ST NE,5,Cercis canadensis,Eastern redbud,,,Good,Fabaceae,Cercis
POINT (-77.008982987099998 38.819330520599998),opp 171 JOLIET ST SW,8,Quercus bicolor,Swamp white oak,,,Good,Fagaceae,Quercus
POINT (-77.001200714399999 38.956642080899996),0 SOUTH DAKOTA AVE NE,4,Quercus phellos,Willow oak,,,Dead,Fagaceae,Quercus
POINT (-77.001200136899996 38.956349169799999),5500 SOUTH DAKOTA AVE NE,4,Quercus phellos,Willow oak,,,Dead,Fagaceae,Quercus
POINT (-77.001324421700005 38.958048433599998),,4,Other (See Notes),Other (See Notes),,,Dead,Null,Other
POINT (-77.066830921199994 38.947728379099999),4433 35TH ST NW,3,Acer saccharinum,Silver maple,,,Good,Aceraceae,Acer
POINT (-76.983133015 38.940786943100001),1536 TAYLOR ST NE,5,Quercus palustris,Pin oak,,,Fair,Fagaceae,Quercus
POINT (-76.960244277900003 38.858879918600003),2515 33RD ST SE,7,Prunus virginiana,Chokecherry,,,Good,Rosaceae,Prunus
POINT (-76.993255981 38.831950367899999),829 YUMA ST SE,8,Ginkgo biloba (male),Ginkgo (male),,,Good,Ginkgoaceae,Ginkgo
POINT (-77.096703621499998 38.941409140700003),4000 blk 49TH ST NW,3,Cercis species,Redbud,,,Dead,Fabaceae,Cercis
POINT (-76.987498046900001 38.884164868699997),1322 D ST SE,6,Tilia cordata,Littleleaf linden,,,Good,Tiliaceae,Tilia
POINT (-77.023146129200001 38.944139203600002),opp 732 WEBSTER ST NW,4,Quercus palustris,Pin oak,,,Good,Fagaceae,Quercus
POINT (-77.052628738099997 38.9252289585),opp 2661 CONNECTICUT AVE NW,3,Quercus shumardi,Shumard oak,,,Good,Fagaceae,Quercus
POINT (-77.053087914200006 38.926020669700002),2700 CONNECTICUT AVE NW,3,Quercus rubra,Red oak,,,Good,Fagaceae,Quercus
POINT (-77.026829316900006 38.911516795399997),1600 BLK 11th ST NW (Shaw Rec Center),6,Other (See Notes),Other (See Notes),,,,,
POINT (-77.018310784500002 38.912122472199997),431 Warner ST NW,6,Paulownia tomentosa,,,,Good,,
POINT (-77.0026588092 38.957130311199997),5600 3rd st ne,4,Other (See Notes),Other (See Notes),,,Excellent,,
POINT (-77.032226326699998 38.931467368),1372 MONROE ST NW WASHINGTON DC,1,Platanus x acerifolia,London plane tree,,,Excellent,,
POINT (-77.026829316900006 38.911607766499998),1600 BLK 11th ST NW (Shaw Rec Center),6,Other (See Notes),Other (See Notes),,,,,
POINT (-77.026499930499995 38.911445550700002),1600 BLK 11th ST NW (Shaw Rec Center),6,Quercus nigra,Water oak,,,Fair,,Quercus
POINT (-77.096834170299999 38.942548704700002),4100 49TH ST NW,3,Koelreuteria paniculata,Goldenrain tree,,,Excellent,Sapindaceae,Koelreuteria
POINT (-77.023536455400006 38.964909833599997),730 RITTENHOUSE ST NW,4,Liquidambar rotundiloba,Rotundiloba sweetgum,,,Excellent,Hamamelidaceae,Liquidambar
POINT (-77.000874381900005 38.845772539899997),501 OAKWOOD ST SE,8,Cercis species,Redbud,,,Good,Fabaceae,Cercis
POINT (-76.944119645300006 38.906546418700003),4129 ANACOSTIA AVE NE,7,Prunus yedoensis,Yoshino cherry,,,Excellent,,
POINT (-77.038163936700002 38.912565773499999),1642 R ST NW,2,,,,,,Tiliaceae,Tilia
POINT (-76.976289148099994 38.941182824099997),4206 20TH ST NE,5,Magnolia x soulangeana,Saucer magnolia,,,Good,Magnoliaceae,Magnolia
POINT (-77.025981544100006 38.911890022100003),,6,Other (See Notes),Other (See Notes),,,Excellent,Null,Other
POINT (-77.026452266500002 38.911240662799997),,6,Quercus palustris,Pin oak,,,Good,Fagaceae,Quercus
POINT (-77.026500954799999 38.911222261299997),,6,Other (See Notes),Other (See Notes),,,Excellent,Null,Other
POINT (-76.983256673699998 38.863776515600001),1518 W ST SE,8,Amelanchier arborea,Downy serviceberry,,,Fair,Rosaceae,Amelanchier
POINT (-76.982405808500005 38.864778071400004),OPP 2020 16TH ST SE,8,Gymnocladus dioicus,Kentucky coffeetree,,,Fair,Fabaceae,Gymnocladus
POINT (-77.021437775300001 38.911184586799997),635 Q ST NW,6,Platanus x acerifolia,London plane tree,,,Good,Platanaceae,Platanus
POINT (-77.088963200699993 38.916337708500002),4700 WHITEHAVEN PARKWAY NW,3,Zelkova serrata,Japanese zelkova,,,Dead,Ulmaceae,Zelkova
POINT (-76.97411731299999 38.9376575768),3909 22nd St NE,5,Nyssa sylvatica,Tupelo,,,Good,Nyssaceae,Nyssa
POINT (-76.974230447400004 38.940124941500002),4106 22ND ST NE,5,Acer buergeranum,Trident maple,,,Good,Aceraceae,Acer
POINT (-76.974110015199997 38.940604583099997),opp 4142 22ND ST NE,5,Platanus occidentalis,American sycamore,,,Good,Platanaceae,Platanus
POINT (-76.973922539499995 38.94175338),2201 UPSHUR ST NE,5,Betula nigra,River birch,,,Good,Betulaceae,Betula
POINT (-77.0693062916 38.931700644599999),3505 WOODLEY RD NW,3,Quercus lyrata,Overcup oak,,,Excellent,Fagaceae,Quercus
POINT (-77.069558249300002 38.931709861400002),3507 WOODLEY RD NW,3,Quercus lyrata,Overcup oak,,,Excellent,Fagaceae,Quercus
POINT (-76.991966920199999 38.924275658600003),1005 EVARTS ST NE,5,Quercus macrocarpa,Bur oak,,,Dead,Fagaceae,Quercus
POINT (-77.050247135700005 38.896323357100002),502 23RD ST NW,2,Ulmus americana,American elm,,,Good,Ulmaceae,Ulmus
POINT (-77.011527182600005 38.827857046799998),151 DANBURY ST SW,8,Cercis canadensis,Eastern redbud,,,Good,Fabaceae,Cercis
POINT (-77.050238643300005 38.898858093400001),700 BLK 23RD ST NW,2,Ulmus americana,American elm,,,Fair,Ulmaceae,Ulmus
POINT (-77.009236619500001 38.827860372899998),59 DANBURY ST SW,8,Cercis canadensis,Eastern redbud,,,Good,Fabaceae,Cercis
POINT (-77.008908525 38.827856412099997),43 DANBURY ST SW,8,Cercis canadensis,Eastern redbud,,,Good,Fabaceae,Cercis
POINT (-77.073632543599999 38.932001270500002),3715 WOODLEY RD NW,3,Tilia americana 'Redmond',Redmond American Linden,,,Dead,Tiliaceae,Tilia
POINT (-77.074164631299993 38.932786309800001),3236 38TH ST NW,3,Other (See Notes),Other (See Notes),,,Excellent,Null,Other
POINT (-77.023296387200006 38.9395376262),3916 8TH ST NW,4,Acer species,Maple,,,Good,Aceraceae,Acer
POINT (-76.996607656500004 38.924935667500002),600 blk EDGEWOOD ST NE,5,,,,,,,
POINT (-77.041374971400003 38.948065889600002),4800 BLK 18TH ST NW,4,Quercus robur fastigiata,Green Pillar Oak,,,Good,Fagaceae,Quercus
POINT (-77.015490746599994 38.948309980700003),4714 NEW HAMPSHIRE AVE NW,4,Prunus cerasifera,Purple leaf plum,,,Good,Rosaceae,Prunus
POINT (-77.006709334799993 38.93704717),SCALE GATE RD NW,5,Pinus taeda,Loblolly Pine,,,Good,Pinaceae,Pinus
POINT (-76.983587203200003 38.943999119799997),4413 16TH ST NE,5,Quercus montana,Rock chestnut oak,,,Good,Fagaceae,Quercus
POINT (-77.037587733500004 38.948318756200003),1611 DECATUR ST NW,4,Nyssa sylvatica,Tupelo,,,Poor,Fagaceae,Quercus
POINT (-77.002489036399993 38.89213569),OPP 221 CONSTITUTION AVE NE,6,Magnolia grandiflora,Southern magnolia,,,Good,Magnoliaceae,Magnolia
POINT (-77.070699680800004 38.926910735299998),3500 blk MASSACHUSETTS AVE NW,3,Quercus bicolor,Swamp white oak,,,Excellent,Fagaceae,Quercus
POINT (-77.007939452700001 38.876578950199999),UNIT BLK M ST SE,6,Quercus phellos,Willow oak,,,Dead,Fagaceae,Quercus
POINT (-77.098424534499998 38.9380514092),4943 QUEBEC ST NW,3,Taxodium distichum,Bald cypress,,,Excellent,Cupressaceae,Taxodium
POINT (-77.000668748199999 38.922810362299998),2510 4th ST NE,5,Other (See Notes),Other (See Notes),,,Excellent,,
POINT (-76.978932833 38.8945651684),300 Blk 18th St NE ,6,Other (See Notes),Other (See Notes),,,Excellent,,
POINT (-77.003568404500001 38.920993644699998),2328 2ND ST NE,5,Quercus bicolor,Swamp white oak,,,Good,Fagaceae,Quercus
POINT (-77.080427481200005 38.923799389499997),2601 41ST ST NW,3,Nyssa sylvatica,Tupelo,,,Good,Nyssaceae,Nyssa
POINT (-77.017467620299996 38.881726822600001),600 blk 4TH ST SW,6,Quercus phellos,Willow oak,,,Good,Fagaceae,Quercus
POINT (-76.993530780599997 38.9024547446),903 K ST NE,6,Tilia tomentosa,Silver linden,,,Dead,Tiliaceae,Tilia
POINT (-77.066477185599993 38.9308040863),OPP 3009 34TH ST NW,3,Amelanchier arborea,Downy serviceberry,,,Good,Rosaceae,Amelanchier
POINT (-77.066481144700006 38.931159982399997),OPP 3013 34TH ST NW,3,Amelanchier arborea,Downy serviceberry,,,Good,Rosaceae,Amelanchier
POINT (-77.066485775100006 38.930914209900003),OPP 3011 34TH ST NW,3,Amelanchier arborea,Downy serviceberry,,,Good,Rosaceae,Amelanchier
POINT (-77.066487455800001 38.930962728399997),OPP 3011 34TH ST NW,3,Amelanchier arborea,Downy serviceberry,,,Good,Rosaceae,Amelanchier
POINT (-76.992703094600003 38.903910952799997),1004 FLORIDA AVE NE,5,Quercus bicolor,Swamp white oak,,,Good,Fagaceae,Quercus
POINT (-76.989327039800003 38.904083028300001),1214 MONTELLO AVE NE,5,Tilia tomentosa,Silver linden,,,Good,Tiliaceae,Tilia
POINT (-77.069974132200002 38.931641976800002),OPP 3511 WOODLEY RD NW,3,Other (See Notes),Other (See Notes),,,,Fabaceae,Cercis
POINT (-76.989040501199995 38.903350082199999),1207 MORSE ST NE,5,Celtis occidentalis,Hackberry,,,Good,Ulmaceae,Celtis
POINT (-77.017456231500006 38.881928745099998),600 blk 4TH ST SW,6,Quercus phellos,Willow oak,,,Good,Fagaceae,Quercus
POINT (-76.987344732300002 38.901765943699999),1100 blk TRINIDAD AVE NE,5,Ulmus americana 'New Harmony',New Harmony elm,,,Good,Ulmaceae,Ulmus
POINT (-77.013182778499996 38.830652443200002),4000 BLK 2ND ST SW,8,Sassafras albidum,Sassafras,,,Dead,Lauraceae,Sassafras
POINT (-77.013219807 38.8305786373),4100 BLK 2ND ST SW,8,Sassafras albidum,Sassafras,,,Dead,Lauraceae,Sassafras
POINT (-77.012986838100005 38.830947647400002),OPP 4044 2ND ST SW,8,Liriodendron tulipifera,Tulip poplar,,,Good,Magnoliaceae,Liriodendron
POINT (-77.013303859900006 38.830453616299998),4100 BLK 2ND ST SW,8,Nyssa sylvatica,Tupelo,,,Dead,Nyssaceae,
POINT (-77.013742867299996 38.829465954900002),OPP 4140 2ND ST SW,8,Tilia americana 'Redmond',Redmond American Linden,,,Good,Tiliaceae,Tilia
POINT (-77.013784701500001 38.8293644906),OPP 4140 2ND ST SW,8,Quercus shumardi,Shumard oak,,,Good,Fagaceae,Quercus
POINT (-77.013963083700006 38.828698679699997),4100 BLK 2ND ST SW,8,Liquidambar Stryaciflua 'Sterile',Sweetgum (sterile),,,Good,Hamamelidaceae,Liquidambar
POINT (-77.013747830100002 38.828991343699997),4100 BLK 2ND ST SW,8,Prunus virginiana,Chokecherry,,,Dead,Rosaceae,
POINT (-77.013687546300005 38.829197625900001),4142 2ND ST SW,8,Cercis canadensis,Eastern redbud,,,Good,Fabaceae,Cercis
POINT (-77.0137103446 38.829564296800001),OPP 4138 2ND ST SW,8,Platanus occidentalis,American sycamore,,,Good,Platanaceae,Platanus
POINT (-77.013932611900003 38.828835093),4100 BLK 2ND ST SW,8,Nyssa sylvatica,Tupelo,,,Good,Nyssaceae,
POINT (-77.013512776200002 38.829690464400002),4136 2ND ST SW,8,Gleditsia triacanthos var. inermis 'Shademaster',Shademaster honeylocust,,,Dead,Fabaceae,Gleditsia
POINT (-77.013400132800001 38.829956590400002),4120 2ND ST SW,8,Halesia carolina,Carolina silverbell,,,Poor,Styracaceae,Halesia
POINT (-77.013851147599993 38.829146396500001),4100 BLK 2ND ST SW,8,Liriodendron tulipifera,Tulip poplar,,,Good,Magnoliaceae,Liriodendron
POINT (-77.034998550799997 38.901282113),1500 BLK I ST NW,2,,,,,,Aceraceae,Acer
POINT (-77.036222307599999 38.9904912326),8035 16TH ST NW,4,Ulmus 'Accolade',Elm (Accolade),,,Excellent,Ulmaceae,Ulmus
POINT (-77.083567607500001 38.929374535100003),3000 blk New Mexico Ave,3,Pyrus calleryana 'Bradford',Bradford callery pear,,,Fair,Rosaceae,Pyrus
POINT (-77.083597603599998 38.929423409599998),3000 blk New Mexico Ave/hawthorne,3,Quercus coccinea,Scarlet oak,,,Fair,Fagaceae,Quercus
POINT (-77.025383406800003 38.934879762100003),3632 NEW HAMPSHIRE AVE NW,1,Ulmus americana,American elm,,,Good,Ulmaceae,Ulmus
POINT (-77.025444449099993 38.934808204900001),3630 NEW HAMPSHIRE AVE NW,1,Ulmus americana,American elm,,,Good,Ulmaceae,Ulmus
POINT (-77.0255148822 38.934725638899998),3626 NEW HAMPSHIRE AVE NW,1,Ulmus americana,American elm,,,Good,Ulmaceae,Ulmus
POINT (-77.025599392 38.934599042800002),3622 NEW HAMPSHIRE AVE NW,1,Ulmus americana,American elm,,,Good,Ulmaceae,Ulmus
POINT (-77.001852368100003 38.959173079700001),5600 blk CHILLUM PL NE,4,Gymnocladus dioicus,Kentucky coffeetree,,,Excellent,Fabaceae,Gymnocladus
POINT (-76.992842201599998 38.958097429699997),5700 blk EASTERN AVE NE,4,Lagerstroemia indica,Crape myrtle,,,Poor,Lythraceae,Lagerstroemia
POINT (-76.915831302699999 38.894548370400003),OPP 5907 DIX ST NE,7,Quercus macrocarpa,Bur oak,,,Good,Fagaceae,Quercus
POINT (-77.0838506897 38.948838903400002),4536 43RD ST NW,3,,,,,,,
POINT (-77.1035904047 38.932732862400002),OPP 5111 LOWELL LN NW,3,Chionanthus retusus,Chinese Fringetree,,,Excellent,Oleaceae,Chionanthus
POINT (-77.065127659599995 38.968701786399997),3231 QUESADA ST NW,4,Quercus species,Oak,,,Good,Fagaceae,Quercus
POINT (-77.088049333900003 38.931403700600001),4437 Klingle St NW,3,Quercus coccinea,Scarlet oak,,,Good,Fagaceae,Quercus
POINT (-77.010835682600003 38.880416125099998),"South Capitol & I Streets, SW (Park Tree)",6,Cryptomeria japonica,,,,Excellent,,
POINT (-77.017759152400004 38.952499276200001),"Kansas Ave., between Gallatin & 4th Sts., NW",4,Carpinus caroliniana,Ironwood,,,Good,Betulaceae,
